customer_id,recency,frequency,monetary,tenure,aov,avg_inter_purchase_time,target_revenue,dataset_type
1,210,4,197.8,435,49.45,75.0,0.0,train
2,28,5,310.85,433,62.17,101.25,74.19,train
3,1,14,1274.68,380,91.04857142857144,29.153846153846153,90.42,train
4,90,5,187.93,414,37.586,81.0,0.0,train
5,71,3,89.72,294,29.906666666666666,111.5,33.3,train
7,72,2,104.12,293,52.06,221.0,50.18,train
8,50,7,360.06,428,51.43714285714286,63.0,0.0,train
9,1,59,16074.18,458,272.44372881355935,7.879310344827586,1970.74,train
10,47,14,1584.08,420,113.14857142857143,28.692307692307693,263.25,train
11,12,12,1036.71,386,86.3925,34.0,230.93,train
12,154,2,133.11,452,66.555,298.0,0.0,train
13,109,4,270.11,342,67.5275,77.66666666666667,0.0,train
14,20,12,1333.85,457,111.15416666666665,39.72727272727273,93.25,train
15,38,21,1824.17,436,86.8652380952381,19.9,88.59,train
16,16,4,275.56,349,68.89,111.0,0.0,train
17,88,7,152.96,459,21.851428571428574,61.833333333333336,0.0,train
18,8,18,4421.93,413,245.6627777777778,23.823529411764707,1153.31,train
19,4,45,9536.87,429,211.93044444444448,9.659090909090908,2235.01,train
20,390,2,129.66000000000003,448,64.83000000000001,58.0,0.0,train
21,14,8,632.8,211,79.1,28.142857142857142,325.64,train
22,2,55,8736.96,458,158.85381818181816,8.444444444444445,994.87,train
23,12,7,1130.43,434,161.49,70.33333333333333,149.37,train
24,12,32,2474.92,459,77.34125,14.419354838709678,854.67,train
25,6,43,6602.67,438,153.55046511627907,10.285714285714286,1774.98,train
26,350,3,172.36,446,57.45333333333334,48.0,168.29,train
27,125,2,123.38,234,61.69,109.0,0.0,train
28,1,53,9559.22,458,180.36264150943396,8.788461538461538,1757.83,train
29,40,14,1209.48,454,86.39142857142858,31.846153846153847,0.0,train
30,31,8,223.9,389,27.9875,51.142857142857146,0.0,train
31,299,2,119.55,407,59.775,108.0,0.0,train
32,182,2,71.01,410,35.505,228.0,0.0,train
33,8,2,81.48,181,40.74,173.0,64.5,train
34,20,15,1513.1200000000001,453,100.87466666666667,30.928571428571427,289.99,train
35,381,1,88.07,381,88.07,0.0,0.0,train
36,0,33,7604.1900000000005,420,230.43,13.125,2443.71,train
37,64,5,241.76999999999998,407,48.354,85.75,0.0,train
38,364,1,63.61,364,63.61,0.0,0.0,train
39,6,48,10393.1,442,216.52291666666667,9.27659574468085,1581.66,train
40,1,16,1866.58,455,116.66125,30.266666666666666,634.26,train
41,53,14,1368.27,444,97.73357142857142,30.076923076923077,288.83,train
42,51,8,393.59000000000003,412,49.198750000000004,51.57142857142857,0.0,train
43,6,31,6240.23,434,201.29774193548386,14.266666666666667,642.16,train
44,0,65,16053.84,452,246.98215384615384,7.0625,2563.02,train
45,49,7,620.29,421,88.61285714285714,62.0,168.0,train
46,34,6,654.96,443,109.16000000000001,81.8,191.4,train
47,9,53,13458.07,455,253.92584905660377,8.576923076923077,3066.96,train
48,50,9,538.94,271,59.882222222222225,27.625,72.42,train
49,1,29,5493.23,438,189.42172413793102,15.607142857142858,1371.04,train
50,76,4,447.84000000000003,339,111.96000000000001,87.66666666666667,193.37,train
51,437,1,46.2,437,46.2,0.0,41.39,train
52,3,13,1641.72,392,126.28615384615385,32.416666666666664,0.0,train
53,0,45,10315.38,412,229.23066666666665,9.363636363636363,2269.25,train
54,320,5,370.46000000000004,454,74.09200000000001,33.5,0.0,train
55,39,3,190.63,444,63.54333333333333,202.5,199.14999999999998,train
56,167,7,192.06,443,27.437142857142856,46.0,29.41,train
57,54,4,307.83000000000004,211,76.95750000000001,52.333333333333336,134.95,train
58,16,9,1434.37,413,159.37444444444444,49.625,285.95,train
59,13,9,878.84,444,97.64888888888889,53.875,106.84,train
60,18,16,1080.96,383,67.56,24.333333333333332,158.48000000000002,train
61,37,22,2250.01,448,102.27318181818183,19.571428571428573,102.43,train
62,132,4,314.24,321,78.56,63.0,50.69,train
63,87,4,149.79,276,37.4475,63.0,0.0,train
64,12,7,402.64,433,57.519999999999996,70.16666666666667,93.79,train
65,77,10,1302.6599999999999,415,130.266,37.55555555555556,216.85,train
66,12,10,506.83,435,50.683,47.0,111.54,train
67,0,30,4005.0,456,133.5,15.724137931034482,838.3100000000001,train
69,35,2,122.75,42,61.375,7.0,0.0,train
70,161,5,245.42,429,49.083999999999996,67.0,80.1,train
71,0,13,827.24,356,63.63384615384616,29.666666666666668,90.24,train
72,164,2,137.81,288,68.905,124.0,0.0,train
73,187,2,67.4,322,33.7,135.0,0.0,train
74,21,19,1785.04,458,93.94947368421053,24.27777777777778,422.39,train
75,21,8,840.08,459,105.01,62.57142857142857,162.98,train
76,84,10,967.3,451,96.72999999999999,40.77777777777778,96.48,train
77,10,11,1057.6200000000001,358,96.14727272727274,34.8,0.0,train
79,0,87,11693.18,458,134.40436781609196,5.325581395348837,1888.84,train
80,4,48,14267.51,441,297.2397916666667,9.297872340425531,2253.58,train
82,78,17,1024.1299999999999,440,60.24294117647058,22.625,79.45,train
83,3,21,1635.3899999999999,459,77.87571428571428,22.8,0.0,train
84,76,3,92.15,294,30.71666666666667,109.0,66.93,train
85,19,13,1390.1299999999999,385,106.93307692307691,30.5,106.21,train
86,23,6,182.22,362,30.37,67.8,0.0,train
87,159,3,126.8,361,42.266666666666666,101.0,57.97,train
88,4,14,948.31,377,67.73642857142856,28.692307692307693,129.23,train
89,1,42,6443.87,440,153.4254761904762,10.707317073170731,916.78,train
90,180,1,39.91,180,39.91,0.0,0.0,train
92,4,10,1182.03,294,118.203,32.22222222222222,580.9,train
93,27,8,1216.0,453,152.0,60.857142857142854,327.53,train
94,32,8,1122.42,434,140.3025,57.42857142857143,142.21,train
96,30,8,494.75,361,61.84375,47.285714285714285,0.0,train
97,388,1,21.13,388,21.13,0.0,49.55,train
98,37,26,5184.68,456,199.41076923076923,16.76,1236.65,train
99,93,3,277.23,115,92.41000000000001,11.0,0.0,train
100,231,4,215.64,441,53.91,70.0,0.0,train
101,9,47,7498.01,458,159.53212765957448,9.76086956521739,1620.25,train
102,231,1,31.25,231,31.25,0.0,43.26,train
103,132,5,122.67,449,24.534,79.25,67.35,train
104,2,20,4283.9,460,214.195,24.105263157894736,1279.22,train
105,200,8,693.45,413,86.68125,30.428571428571427,478.56,train
106,283,2,85.28,354,42.64,71.0,0.0,train
107,1,40,6091.04,455,152.276,11.64102564102564,1578.47,train
108,4,11,719.17,435,65.3790909090909,43.1,204.35000000000002,train
109,132,6,154.07999999999998,376,25.679999999999996,48.8,45.07,train
110,121,2,125.1,436,62.55,315.0,0.0,train
111,17,11,923.8,443,83.98181818181818,42.6,178.51,train
112,70,29,8297.42,455,286.11793103448275,13.75,1979.99,train
113,4,28,6490.46,420,231.80214285714285,15.407407407407407,2918.8,train
114,10,15,1107.68,438,73.84533333333334,30.571428571428573,187.45,train
115,1,3,67.6,373,22.53333333333333,186.0,29.15,train
116,40,5,159.36,314,31.872000000000003,68.5,0.0,train
117,66,6,80.99,362,13.498333333333333,59.2,40.96,train
118,15,26,6537.92,459,251.45846153846153,17.76,2130.37,train
119,233,3,238.2,395,79.39999999999999,81.0,0.0,train
120,422,1,48.42,422,48.42,0.0,0.0,train
121,50,2,22.28,167,11.14,117.0,0.0,train
122,11,11,1114.85,426,101.35,41.5,112.03,train
123,47,10,1137.92,456,113.792,45.44444444444444,283.94,train
124,69,11,1753.66,383,159.42363636363638,31.4,467.01,train
125,96,9,1314.41,351,146.04555555555555,31.875,158.69,train
126,174,6,599.15,380,99.85833333333333,41.2,421.41999999999996,train
127,18,25,3759.64,451,150.38559999999998,18.041666666666668,730.3299999999999,train
128,0,4,211.89,399,52.9725,133.0,0.0,train
129,29,14,1107.23,387,79.08785714285715,27.53846153846154,198.93,train
130,37,14,968.8000000000001,405,69.2,28.307692307692307,173.22,train
131,5,15,1636.01,425,109.06733333333334,30.0,198.64,train
132,28,41,5459.38,460,133.15560975609756,10.8,1072.5500000000002,train
133,0,38,6311.18,460,166.08368421052631,12.432432432432432,1448.92,train
134,35,19,2752.45,447,144.8657894736842,22.88888888888889,694.35,train
135,7,5,197.47,138,39.494,32.75,50.45,train
136,4,37,5708.24,449,154.27675675675675,12.36111111111111,1090.55,train
137,20,4,109.03,387,27.2575,122.33333333333333,0.0,train
139,8,15,701.97,446,46.798,31.285714285714285,0.0,train
140,121,3,103.59,252,34.53,65.5,109.03,train
141,75,6,656.37,416,109.395,68.2,102.36,train
142,58,10,749.86,442,74.986,42.666666666666664,267.54,train
143,24,9,1137.55,371,126.39444444444445,43.375,152.59,train
144,1,2,137.35,326,68.675,325.0,0.0,train
145,319,1,34.34,319,34.34,0.0,0.0,train
146,299,4,403.49,391,100.8725,30.666666666666668,0.0,train
147,7,45,9091.68,445,202.03733333333335,9.954545454545455,2549.27,train
148,31,2,89.25,277,44.625,246.0,0.0,train
149,144,6,297.73,448,49.62166666666667,60.8,53.0,train
151,8,4,236.32,454,59.08,148.66666666666666,0.0,train
152,34,15,1555.84,427,103.72266666666665,28.071428571428573,0.0,train
153,23,6,805.28,371,134.21333333333334,69.6,127.6,train
154,328,1,42.4,328,42.4,0.0,0.0,train
155,36,29,3515.7000000000003,449,121.23103448275863,14.75,1130.46,train
156,112,9,719.75,422,79.97222222222223,38.75,270.28,train
157,141,6,352.65,437,58.775,59.2,50.27,train
158,132,4,306.47,263,76.6175,43.666666666666664,0.0,train
159,5,43,9305.52,405,216.40744186046513,9.523809523809524,2253.83,train
160,3,13,2059.59,452,158.43,37.416666666666664,503.90999999999997,train
161,15,25,2870.71,460,114.8284,18.541666666666668,467.42,train
162,85,16,978.66,449,61.16625,24.266666666666666,424.07,train
163,82,8,985.7,346,123.2125,37.714285714285715,109.63,train
164,109,4,131.32,312,32.83,67.66666666666667,57.480000000000004,train
165,38,9,797.74,342,88.63777777777779,38.0,115.99,train
166,15,15,1213.45,450,80.89666666666668,31.071428571428573,136.76,train
167,4,37,8430.26,457,227.84486486486486,12.583333333333334,1625.95,train
168,62,8,356.93,435,44.61625,53.285714285714285,92.27000000000001,train
169,0,10,1006.67,446,100.667,49.55555555555556,230.39,train
170,115,9,870.95,395,96.77222222222223,35.0,88.01,train
171,35,5,387.9,414,77.58,94.75,0.0,train
172,11,4,158.19,444,39.5475,144.33333333333334,0.0,train
173,378,2,94.97999999999999,453,47.489999999999995,75.0,0.0,train
174,170,2,126.65,369,63.325,199.0,0.0,train
175,39,3,175.57,282,58.52333333333333,121.5,58.86,train
176,15,14,1699.16,456,121.36857142857143,33.92307692307692,466.93,train
177,38,15,1673.46,405,111.56400000000001,26.214285714285715,342.71000000000004,train
178,78,4,243.05,278,60.7625,66.66666666666667,60.66,train
179,16,27,5476.62,455,202.83777777777777,16.884615384615383,1552.46,train
180,66,3,148.96,184,49.653333333333336,59.0,50.82,train
181,248,2,50.989999999999995,404,25.494999999999997,156.0,0.0,train
182,68,14,960.95,419,68.63928571428572,27.0,326.56,train
183,60,4,236.25,371,59.0625,103.66666666666667,0.0,train
184,178,1,53.11,178,53.11,0.0,0.0,train
185,160,2,160.84,251,80.42,91.0,81.5,train
186,4,54,9791.23,456,181.31907407407405,8.528301886792454,1275.3,train
187,36,16,1586.69,458,99.168125,28.133333333333333,194.14,train
188,33,3,179.81,431,59.93666666666667,199.0,45.53,train
189,90,2,99.62,392,49.81,302.0,52.85,train
190,14,6,413.81,406,68.96833333333333,78.4,97.32,train
191,33,29,5089.45,431,175.49827586206897,14.214285714285714,689.4,train
192,201,4,233.59,393,58.3975,64.0,55.31,train
193,72,21,2391.56,446,113.88380952380952,18.7,459.7,train
194,22,6,63.18,389,10.53,73.4,9.24,train
195,47,11,1331.05,394,121.00454545454545,34.7,228.39,train
196,0,52,7526.04,440,144.73153846153846,8.627450980392156,1821.08,train
197,17,8,657.88,392,82.235,53.57142857142857,250.63,train
198,14,43,8817.27,432,205.05279069767442,9.952380952380953,1269.24,train
199,7,15,1446.55,452,96.43666666666667,31.785714285714285,192.64,train
200,100,3,92.64,407,30.88,153.5,28.89,train
201,139,3,127.14000000000001,457,42.38,159.0,0.0,train
202,15,58,12117.48,455,208.92206896551724,7.719298245614035,1486.55,train
203,8,5,259.15999999999997,309,51.831999999999994,75.25,204.77,train
204,34,4,161.64000000000001,456,40.410000000000004,140.66666666666666,45.5,train
205,4,48,9331.49,444,194.40604166666665,9.361702127659575,2059.06,train
206,16,5,122.69,447,24.538,107.75,0.0,train
208,1,27,4191.66,452,155.24666666666667,17.346153846153847,1174.38,train
209,12,4,360.33,326,90.0825,104.66666666666667,238.14,train
210,328,1,63.77,328,63.77,0.0,0.0,train
211,112,11,523.24,442,47.56727272727273,33.0,73.57,train
212,187,2,54.5,413,27.25,226.0,0.0,train
214,12,8,895.05,418,111.88125,58.0,130.99,train
215,11,8,160.05,454,20.00625,63.285714285714285,20.31,train
216,4,17,1539.62,430,90.56588235294117,26.625,172.9,train
217,258,1,56.05,258,56.05,0.0,0.0,train
218,0,62,15068.07,437,243.0333870967742,7.163934426229508,2713.44,train
219,6,38,13063.22,441,343.76894736842104,11.756756756756756,2144.49,train
220,164,4,94.53,460,23.6325,98.66666666666667,56.21,train
221,101,1,24.89,101,24.89,0.0,25.45,train
222,5,24,4816.68,456,200.69500000000002,19.608695652173914,471.08,train
223,1,34,8784.63,455,258.3714705882353,13.757575757575758,1425.44,train
224,8,4,281.06,330,70.265,107.33333333333333,0.0,train
225,22,11,1038.77,450,94.43363636363637,42.8,98.08,train
226,198,1,68.7,198,68.7,0.0,0.0,train
227,14,11,688.94,399,62.63090909090909,38.5,0.0,train
228,10,47,6520.75,454,138.73936170212767,9.652173913043478,915.41,train
229,394,1,99.17,394,99.17,0.0,179.2,train
230,77,2,147.03,277,73.515,200.0,176.89,train
231,50,3,131.45,248,43.81666666666666,99.0,0.0,train
232,25,4,222.07999999999998,253,55.519999999999996,76.0,0.0,train
233,18,21,1573.17,421,74.91285714285715,20.15,291.36,train
234,45,6,745.5,319,124.25,54.8,112.65,train
235,221,4,168.54,308,42.135,29.0,55.09,train
236,0,11,783.3299999999999,451,71.21181818181817,45.1,0.0,train
237,4,33,3654.6,453,110.74545454545455,14.03125,617.42,train
238,60,8,810.23,420,101.27875,51.42857142857143,92.81,train
239,52,9,1041.69,386,115.74333333333334,41.75,389.53,train
240,54,4,284.23,450,71.0575,132.0,0.0,train
241,60,7,993.5600000000001,391,141.93714285714287,55.166666666666664,138.12,train
242,6,14,738.09,444,52.72071428571429,33.69230769230769,0.0,train
243,35,3,110.96000000000001,289,36.98666666666667,127.0,0.0,train
244,22,9,332.26,448,36.91777777777778,53.25,0.0,train
245,40,6,515.38,392,85.89666666666666,70.4,0.0,train
246,6,19,1263.54,442,66.50210526315789,24.22222222222222,161.39,train
247,251,6,219.05,407,36.50833333333333,31.2,28.32,train
248,24,4,240.70999999999998,258,60.177499999999995,78.0,55.98,train
249,9,15,1690.6499999999999,379,112.71,26.428571428571427,253.14,train
250,35,5,179.05,456,35.81,105.25,194.13,train
251,14,9,355.99,425,39.55444444444444,51.375,28.9,train
252,193,2,83.9,200,41.95,7.0,39.15,train
253,53,5,165.86,448,33.172000000000004,98.75,0.0,train
254,39,5,182.47,349,36.494,77.5,32.5,train
255,53,3,32.6,454,10.866666666666667,200.5,0.0,train
256,19,3,106.21000000000001,361,35.403333333333336,171.0,66.69,train
257,42,8,126.62,400,15.8275,51.142857142857146,0.0,train
258,220,7,253.64,430,36.23428571428571,35.0,0.0,train
259,116,7,316.48,453,45.21142857142858,56.166666666666664,98.59,train
260,4,17,3576.8199999999997,457,210.4011764705882,28.3125,1491.84,train
261,13,38,6707.48,451,176.51263157894735,11.837837837837839,1154.81,train
262,57,5,571.41,326,114.282,67.25,62.52,train
263,8,19,2061.38,403,108.49368421052633,21.944444444444443,244.66000000000003,train
264,57,10,949.29,376,94.929,35.44444444444444,236.33,train
266,3,15,1458.19,455,97.21266666666666,32.285714285714285,83.76,train
267,5,2,71.72,218,35.86,213.0,83.06,train
268,51,9,895.87,384,99.5411111111111,41.625,0.0,train
269,79,2,165.16,388,82.58,309.0,127.84,train
270,1,53,14739.48,453,278.1033962264151,8.692307692307692,1662.07,train
271,57,6,471.76,458,78.62666666666667,80.2,0.0,train
272,19,33,6716.43,455,203.52818181818182,13.625,1313.76,train
273,19,37,5775.88,452,156.10486486486488,12.027777777777779,462.51,train
274,14,11,1091.89,416,99.26272727272728,40.2,396.37,train
275,164,2,69.64,438,34.82,274.0,0.0,train
276,50,3,129.45,291,43.15,120.5,94.33,train
277,182,6,62.55,297,10.424999999999999,23.0,24.509999999999998,train
278,176,5,303.0,420,60.6,61.0,0.0,train
279,42,9,694.88,402,77.2088888888889,45.0,0.0,train
280,96,4,38.07,352,9.5175,85.33333333333333,12.5,train
281,8,7,583.19,301,83.31285714285715,48.833333333333336,180.92,train
282,24,10,995.1800000000001,439,99.518,46.111111111111114,93.46,train
283,314,5,382.62,447,76.524,33.25,0.0,train
284,6,7,677.92,447,96.84571428571428,73.5,152.03,train
285,35,4,210.87,415,52.7175,126.66666666666667,0.0,train
286,23,4,312.95,459,78.2375,145.33333333333334,0.0,train
287,23,56,7121.22,458,127.16464285714287,7.909090909090909,1624.5,train
288,53,19,2015.54,432,106.08105263157894,21.055555555555557,0.0,train
289,69,3,173.48000000000002,436,57.826666666666675,183.5,139.84,train
290,111,15,2392.65,420,159.51000000000002,22.071428571428573,455.12,train
291,88,6,608.51,369,101.41833333333334,56.2,0.0,train
292,9,20,3120.4700000000003,452,156.0235,23.31578947368421,849.4100000000001,train
293,133,3,147.5,428,49.166666666666664,147.5,99.33,train
294,31,25,7560.49,457,302.4196,17.75,1498.3400000000001,train
295,30,7,312.31,361,44.61571428571428,55.166666666666664,0.0,train
296,37,7,573.23,446,81.89,68.16666666666667,209.67000000000002,train
297,294,1,15.46,294,15.46,0.0,0.0,train
298,14,2,178.45999999999998,169,89.22999999999999,155.0,0.0,train
299,30,8,813.16,427,101.645,56.714285714285715,114.99,train
300,21,16,1772.37,456,110.773125,29.0,120.43,train
301,59,14,395.82,449,28.27285714285714,30.0,61.45,train
302,73,3,179.07999999999998,313,59.69333333333333,120.0,0.0,train
303,192,7,420.21000000000004,365,60.03000000000001,28.833333333333332,104.84,train
304,76,6,259.34000000000003,438,43.223333333333336,72.4,0.0,train
305,278,2,55.81,428,27.905,150.0,0.0,train
306,87,5,191.37,455,38.274,92.0,163.69,train
307,125,3,216.15,238,72.05,56.5,0.0,train
308,0,28,4379.52,451,156.4114285714286,16.703703703703702,483.19,train
309,66,10,1187.25,410,118.725,38.22222222222222,284.18,train
310,48,5,151.42000000000002,456,30.284000000000002,102.0,17.52,train
311,51,8,589.69,420,73.71125,52.714285714285715,159.24,train
312,78,13,1014.31,455,78.02384615384615,31.416666666666668,0.0,train
313,72,3,203.13,331,67.71,129.5,34.69,train
314,37,2,135.75,309,67.875,272.0,62.96,train
315,99,14,1439.9299999999998,447,102.85214285714285,26.76923076923077,448.8,train
316,27,8,1193.2,390,149.15,51.857142857142854,432.46,train
317,98,2,88.64,189,44.32,91.0,117.91999999999999,train
318,9,11,1336.05,410,121.4590909090909,40.1,242.54000000000002,train
319,0,48,3744.63,459,78.013125,9.76595744680851,726.35,train
320,18,20,2500.53,409,125.02650000000001,20.57894736842105,330.0,train
321,34,5,140.25,256,28.05,55.5,0.0,train
322,5,43,9961.61,460,231.6653488372093,10.833333333333334,3067.95,train
323,177,2,111.89,298,55.945,121.0,41.45,train
324,245,1,72.3,245,72.3,0.0,0.0,train
325,57,12,908.46,430,75.705,33.90909090909091,0.0,train
326,129,3,154.12,282,51.373333333333335,76.5,39.62,train
327,8,33,3941.22,437,119.43090909090908,13.40625,823.77,train
328,11,55,2864.74,450,52.086181818181814,8.12962962962963,438.51,train
329,6,48,9093.07,451,189.43895833333332,9.46808510638298,930.76,train
330,5,25,3874.04,435,154.9616,17.916666666666668,1134.71,train
332,1,9,498.71,377,55.41222222222222,47.0,0.0,train
333,1,40,6994.45,445,174.86124999999998,11.384615384615385,1730.81,train
334,5,6,92.98,454,15.496666666666668,89.8,29.59,train
335,3,46,11896.48,457,258.6191304347826,10.088888888888889,1897.46,train
336,25,27,5458.72,440,202.17481481481482,15.961538461538462,1043.51,train
337,162,3,247.37,253,82.45666666666666,45.5,74.9,train
338,44,5,138.41,365,27.682,80.25,28.73,train
339,12,25,4765.57,455,190.62279999999998,18.458333333333332,1036.76,train
340,15,31,6226.32,458,200.8490322580645,14.766666666666667,2350.28,train
341,25,8,256.84000000000003,407,32.105000000000004,54.57142857142857,81.71000000000001,train
342,290,1,32.91,290,32.91,0.0,88.9,train
343,8,13,1074.36,455,82.64307692307692,37.25,73.62,train
344,0,49,7516.32,447,153.3942857142857,9.3125,1197.92,train
346,130,2,104.36,426,52.18,296.0,47.65,train
347,11,7,412.03,452,58.86142857142857,73.5,69.50999999999999,train
348,24,8,580.47,350,72.55875,46.57142857142857,0.0,train
349,13,29,8513.34,433,293.5634482758621,15.0,2034.41,train
350,25,7,304.73,425,43.53285714285715,66.66666666666667,0.0,train
351,352,2,117.87,376,58.935,24.0,0.0,train
352,67,4,157.28,449,39.32,127.33333333333333,0.0,train
353,3,44,7848.87,438,178.38340909090908,10.116279069767442,1199.77,train
354,44,3,36.39,441,12.13,198.5,0.0,train
355,30,6,356.67,361,59.445,66.2,133.34,train
356,5,26,2831.89,437,108.91884615384615,17.28,316.56,train
357,32,10,1147.42,457,114.742,47.22222222222222,342.17999999999995,train
358,6,19,5130.72,453,270.03789473684213,24.833333333333332,1958.1,train
359,22,10,1207.57,354,120.75699999999999,36.888888888888886,275.66,train
360,52,52,10916.01,448,209.92326923076922,7.764705882352941,3327.3,train
361,0,59,14414.7,455,244.31694915254238,7.844827586206897,3042.38,train
362,13,6,344.15999999999997,444,57.35999999999999,86.2,270.34000000000003,train
363,366,1,43.8,366,43.8,0.0,0.0,train
364,61,14,1765.98,454,126.14142857142858,30.23076923076923,483.45,train
365,3,20,1649.43,434,82.4715,22.68421052631579,68.34,train
366,294,2,56.94,365,28.47,71.0,37.66,train
367,16,39,5335.11,444,136.7976923076923,11.263157894736842,270.82,train
368,10,22,3803.41,449,172.88227272727272,20.904761904761905,1079.3899999999999,train
369,14,18,3779.58,443,209.97666666666666,25.235294117647058,1106.53,train
370,26,12,1507.71,460,125.6425,39.45454545454545,105.64,train
371,24,24,3851.52,400,160.48,16.347826086956523,1024.05,train
372,174,2,40.34,203,20.17,29.0,0.0,train
373,95,4,118.42,447,29.605,117.33333333333333,31.17,train
374,29,7,465.75,420,66.53571428571429,65.16666666666667,63.98,train
375,52,2,53.09,239,26.545,187.0,23.32,train
376,275,1,65.36,275,65.36,0.0,0.0,train
377,38,12,1098.77,412,91.56416666666667,34.0,178.16,train
378,12,9,889.14,357,98.79333333333334,43.125,105.03,train
380,53,9,1087.5,368,120.83333333333333,39.375,0.0,train
381,230,4,304.96,434,76.24,68.0,0.0,train
382,10,47,9731.77,439,207.05893617021277,9.326086956521738,930.6800000000001,train
383,101,6,541.42,364,90.23666666666666,52.6,0.0,train
384,5,16,3381.92,459,211.37,30.266666666666666,1162.0,train
385,47,9,894.8199999999999,367,99.42444444444443,40.0,354.6,train
386,47,1,21.57,47,21.57,0.0,0.0,train
387,62,3,98.51,131,32.836666666666666,34.5,124.32,train
388,146,2,116.47,268,58.235,122.0,126.84,train
389,49,17,1619.11,445,95.24176470588235,24.75,401.54999999999995,train
390,28,21,2293.51,450,109.21476190476191,21.1,132.96,train
391,6,63,8024.77,457,127.37730158730159,7.274193548387097,1029.2,train
392,276,2,39.480000000000004,300,19.740000000000002,24.0,17.15,train
393,65,2,149.19,436,74.595,371.0,0.0,train
394,136,7,440.31,439,62.901428571428575,50.5,129.65,train
395,2,31,7414.59,420,239.18032258064517,13.933333333333334,446.0,train
396,33,6,288.88,436,48.14666666666667,80.6,0.0,train
397,17,62,8189.98,454,132.09645161290322,7.163934426229508,369.67,train
398,41,7,309.92,417,44.27428571428572,62.666666666666664,111.1,train
399,51,4,174.23,435,43.5575,128.0,0.0,train
400,60,8,564.25,446,70.53125,55.142857142857146,0.0,train
401,59,2,115.38999999999999,150,57.69499999999999,91.0,0.0,train
402,17,34,6148.32,442,180.83294117647057,12.878787878787879,908.75,train
403,3,20,2360.3,443,118.01500000000001,23.157894736842106,652.3299999999999,train
404,83,3,247.73,407,82.57666666666667,162.0,0.0,train
405,55,11,2570.98,425,233.72545454545454,37.0,1091.99,train
406,193,2,49.09,298,24.545,105.0,0.0,train
407,64,13,1639.65,453,126.12692307692308,32.416666666666664,94.16,train
409,4,52,11288.85,453,217.09326923076924,8.803921568627452,2246.87,train
410,44,9,626.17,459,69.57444444444444,51.875,68.71,train
411,18,4,188.37,309,47.0925,97.0,0.0,train
412,93,19,2606.35,460,137.17631578947368,20.38888888888889,636.88,train
413,4,58,12556.33,450,216.48844827586205,7.824561403508772,2241.94,train
414,153,12,851.29,451,70.94083333333333,27.09090909090909,156.07,train
415,17,20,1595.56,432,79.77799999999999,21.842105263157894,353.21,train
416,65,5,104.75,320,20.95,63.75,45.69,train
417,104,7,651.84,264,93.12,26.666666666666668,201.6,train
418,175,2,58.3,266,29.15,91.0,0.0,train
419,59,7,519.39,283,74.19857142857143,37.333333333333336,0.0,train
420,4,42,8137.21,457,193.74309523809524,11.048780487804878,803.04,train
421,4,22,2968.7200000000003,439,134.9418181818182,20.714285714285715,354.43,train
422,85,4,168.8,369,42.2,94.66666666666667,0.0,train
423,70,4,87.44,411,21.86,113.66666666666667,23.57,train
424,366,4,668.85,409,167.2125,14.333333333333334,0.0,train
425,141,8,370.85,315,46.35625,24.857142857142858,41.76,train
426,74,22,3896.99,460,177.13590909090908,18.38095238095238,1353.04,train
427,0,16,955.96,444,59.7475,29.6,136.79000000000002,train
428,1,37,7522.099999999999,449,203.29999999999998,12.444444444444445,1558.94,train
429,236,4,251.95999999999998,422,62.989999999999995,62.0,68.69,train
430,79,3,189.74,344,63.24666666666667,132.5,0.0,train
431,122,2,99.91,196,49.955,74.0,46.52,train
432,14,24,1916.41,429,79.85041666666667,18.043478260869566,478.63,train
433,116,2,124.71000000000001,376,62.355000000000004,260.0,0.0,train
434,32,24,8184.89,452,341.0370833333333,18.26086956521739,1552.27,train
435,423,1,46.77,423,46.77,0.0,0.0,train
436,41,11,907.92,410,82.53818181818181,36.9,184.03,train
437,0,6,113.08,453,18.846666666666668,90.6,17.66,train
438,0,39,8654.38,446,221.90717948717946,11.736842105263158,2036.79,train
439,63,18,1563.51,442,86.86166666666666,22.294117647058822,271.3,train
440,62,4,87.32000000000001,430,21.830000000000002,122.66666666666667,0.0,train
441,48,3,185.84,289,61.946666666666665,120.5,0.0,train
442,64,5,241.17000000000002,443,48.234,94.75,0.0,train
443,35,9,515.16,427,57.239999999999995,49.0,164.31,train
444,72,5,328.13,351,65.626,69.75,0.0,train
445,39,1,78.68,39,78.68,0.0,0.0,train
446,44,5,341.65999999999997,434,68.332,97.5,70.56,train
447,190,4,258.66999999999996,358,64.66749999999999,56.0,0.0,train
448,135,7,853.48,410,121.92571428571429,45.833333333333336,0.0,train
449,30,17,2700.45,456,158.85,26.625,519.51,train
450,0,46,8036.65,457,174.70978260869563,10.155555555555555,1088.81,train
451,0,38,8288.86,440,218.1278947368421,11.891891891891891,1305.15,train
452,23,7,329.49,439,47.07,69.33333333333333,58.33,train
453,85,10,919.36,414,91.936,36.55555555555556,0.0,train
454,15,12,1336.8600000000001,425,111.40500000000002,37.27272727272727,0.0,train
455,25,32,6646.3,433,207.696875,13.161290322580646,2060.02,train
456,11,45,9934.1,434,220.7577777777778,9.613636363636363,3207.48,train
457,32,62,4751.96,450,76.64451612903225,6.852459016393443,1173.1,train
458,22,3,38.82,413,12.94,195.5,10.9,train
459,14,16,1469.86,433,91.86625,27.933333333333334,0.0,train
460,2,9,1024.5,455,113.83333333333333,56.625,211.52,train
461,16,50,8102.16,457,162.04319999999998,9.0,748.39,train
462,16,8,611.67,459,76.45875,63.285714285714285,282.82,train
463,1,38,8982.55,450,236.38289473684208,12.135135135135135,1391.51,train
464,2,2,171.06,157,85.53,155.0,0.0,train
465,12,40,13986.32,458,349.658,11.435897435897436,3249.35,train
466,298,3,136.25,426,45.416666666666664,64.0,0.0,train
467,2,37,8490.81,460,229.48135135135135,12.722222222222221,2320.89,train
468,47,3,237.55,234,79.18333333333334,93.5,0.0,train
469,65,8,496.58,453,62.0725,55.42857142857143,145.63,train
470,24,29,3831.9900000000002,444,132.13758620689657,15.0,945.95,train
471,0,4,364.93,319,91.2325,106.33333333333333,75.59,train
472,79,17,1840.89,455,108.28764705882354,23.5,99.79,train
473,27,16,1197.54,452,74.84625,28.333333333333332,572.6999999999999,train
474,252,1,23.79,252,23.79,0.0,0.0,train
475,47,3,96.58000000000001,436,32.193333333333335,194.5,27.67,train
476,10,16,3238.19,284,202.386875,18.266666666666666,968.55,train
477,126,6,601.56,383,100.25999999999999,51.4,0.0,train
478,3,23,3958.91,458,172.12652173913042,20.681818181818183,1159.23,train
479,95,2,29.369999999999997,218,14.684999999999999,123.0,0.0,train
480,35,26,3071.59,455,118.13807692307692,16.8,210.49,train
481,12,13,870.86,428,66.98923076923077,34.666666666666664,0.0,train
482,7,59,12178.03,458,206.40728813559323,7.775862068965517,1849.3700000000001,train
483,2,39,5309.07,441,136.13,11.552631578947368,1119.6,train
484,136,2,71.28999999999999,417,35.644999999999996,281.0,31.32,train
485,4,29,7146.45,438,246.42931034482757,15.5,2168.57,train
486,10,4,96.16,449,24.04,146.33333333333334,0.0,train
487,32,5,223.39999999999998,434,44.67999999999999,100.5,0.0,train
488,59,7,709.42,373,101.34571428571428,52.333333333333336,101.07,train
489,23,5,318.7,345,63.739999999999995,80.5,43.87,train
490,5,67,14083.15,460,210.1962686567164,6.893939393939394,1103.59,train
491,29,14,926.0799999999999,453,66.14857142857143,32.61538461538461,70.49,train
492,14,11,985.22,431,89.56545454545454,41.7,278.49,train
493,134,2,155.12,264,77.56,130.0,0.0,train
494,25,5,338.54,212,67.708,46.75,0.0,train
495,22,12,874.3100000000001,406,72.85916666666667,34.90909090909091,0.0,train
496,279,2,65.13,354,32.565,75.0,0.0,train
497,6,36,5546.22,429,154.06166666666667,12.085714285714285,947.36,train
498,98,3,28.5,398,9.5,150.0,0.0,train
499,55,12,1223.3899999999999,448,101.94916666666666,35.72727272727273,269.88,train
500,16,28,3904.73,444,139.45464285714286,15.851851851851851,1424.7,train
501,343,2,159.68,430,79.84,87.0,0.0,train
502,65,17,2250.8,449,132.4,24.0,140.14,train
503,3,14,2302.64,447,164.4742857142857,34.15384615384615,0.0,train
504,31,6,363.89,297,60.64833333333333,53.2,0.0,train
505,221,2,72.18,445,36.09,224.0,0.0,train
506,17,2,64.78999999999999,339,32.394999999999996,322.0,0.0,train
507,21,10,478.51,438,47.851,46.333333333333336,119.33,train
508,14,40,7120.72,455,178.018,11.307692307692308,1908.69,train
509,78,1,36.75,78,36.75,0.0,0.0,train
510,367,2,91.72999999999999,400,45.864999999999995,33.0,49.15,train
511,20,19,5896.49,459,310.3415789473684,24.38888888888889,1125.73,train
512,37,8,529.65,424,66.20625,55.285714285714285,0.0,train
513,92,6,381.37,390,63.56166666666667,59.6,76.34,train
514,2,7,250.93,421,35.847142857142856,69.83333333333333,34.65,train
515,1,25,3245.96,432,129.8384,17.958333333333332,124.63,train
516,274,2,110.55000000000001,460,55.275000000000006,186.0,0.0,train
517,33,7,582.72,450,83.24571428571429,69.5,0.0,train
518,11,41,8028.48,458,195.81658536585365,11.175,349.40999999999997,train
519,60,14,1248.44,455,89.17428571428572,30.384615384615383,195.17000000000002,train
520,212,1,26.77,212,26.77,0.0,27.0,train
521,58,5,614.13,370,122.826,78.0,85.71,train
522,5,22,3488.38,454,158.56272727272727,21.38095238095238,940.5799999999999,train
523,29,35,9280.03,458,265.1437142857143,12.617647058823529,2651.26,train
524,9,38,9317.26,452,245.19105263157894,11.972972972972974,1745.41,train
525,86,13,1546.1299999999999,432,118.93307692307691,28.833333333333332,594.24,train
526,19,6,445.82,256,74.30333333333333,47.4,108.2,train
527,52,12,534.68,380,44.556666666666665,29.818181818181817,76.37,train
528,84,5,298.65999999999997,339,59.73199999999999,63.75,62.28,train
529,5,43,7897.07,457,183.65279069767442,10.761904761904763,1378.19,train
530,280,1,56.32,280,56.32,0.0,0.0,train
531,7,51,8263.34,447,162.02627450980393,8.8,1371.36,train
532,90,1,51.67,90,51.67,0.0,31.46,train
533,0,65,16425.16,459,252.69476923076923,7.171875,3693.86,train
534,55,6,288.49,386,48.08166666666667,66.2,0.0,train
535,4,18,2108.57,452,117.14277777777778,26.352941176470587,849.99,train
536,20,34,5479.55,458,161.16323529411764,13.272727272727273,364.71000000000004,train
537,12,19,2597.99,427,136.73631578947368,23.055555555555557,125.56,train
538,50,9,734.53,350,81.61444444444444,37.5,0.0,train
539,23,14,1291.4,450,92.24285714285715,32.84615384615385,394.62,train
540,11,7,220.4,444,31.485714285714288,72.16666666666667,63.900000000000006,train
541,9,17,1306.68,412,76.86352941176472,25.1875,372.66,train
542,35,3,168.19,409,56.06333333333333,187.0,61.57,train
544,100,1,91.96,100,91.96,0.0,0.0,train
545,135,4,230.31,315,57.5775,60.0,44.24,train
546,63,7,420.82,439,60.11714285714286,62.666666666666664,0.0,train
547,75,1,38.42,75,38.42,0.0,0.0,train
548,151,6,736.63,459,122.77166666666666,61.6,219.96,train
549,122,5,255.39000000000001,450,51.078,82.0,32.95,train
550,54,8,521.31,297,65.16375,34.714285714285715,112.69,train
551,103,3,55.35,443,18.45,170.0,0.0,train
552,14,19,2021.29,433,106.38368421052631,23.27777777777778,113.94,train
553,181,4,276.94,419,69.235,79.33333333333333,85.42,train
554,157,3,180.43,382,60.14333333333334,112.5,0.0,train
555,15,2,139.48,33,69.74,18.0,48.92,train
556,8,31,5634.14,417,181.74645161290323,13.633333333333333,692.31,train
557,28,5,123.59,440,24.718,103.0,0.0,train
558,33,12,1462.88,457,121.90666666666668,38.54545454545455,114.98,train
559,14,4,328.42,293,82.105,93.0,0.0,train
560,16,16,849.35,460,53.084375,29.6,310.31,train
561,28,3,240.12,454,80.04,213.0,138.92000000000002,train
562,5,9,1064.26,341,118.25111111111111,42.0,341.82,train
563,5,11,956.56,364,86.96,35.9,117.4,train
564,39,1,46.86,39,46.86,0.0,0.0,train
565,55,2,147.15,396,73.575,341.0,0.0,train
566,438,2,84.03,457,42.015,19.0,0.0,train
567,45,15,1974.19,450,131.61266666666668,28.928571428571427,515.37,train
568,51,7,278.82,420,39.83142857142857,61.5,0.0,train
569,61,19,1698.1100000000001,443,89.37421052631579,21.22222222222222,169.41,train
570,18,3,198.63,441,66.21,211.5,147.8,train
571,23,7,408.44,429,58.348571428571425,67.66666666666667,0.0,train
572,28,9,643.8199999999999,421,71.53555555555555,49.125,57.51,train
573,10,46,8575.44,454,186.42260869565217,9.866666666666667,1239.22,train
574,194,1,37.93,194,37.93,0.0,49.6,train
575,23,10,661.9,429,66.19,45.111111111111114,253.84,train
576,15,28,5063.84,409,180.85142857142858,14.592592592592593,1638.01,train
577,81,9,475.95,408,52.88333333333333,40.875,0.0,train
578,9,11,733.05,376,66.64090909090909,36.7,633.93,train
579,137,6,537.85,437,89.64166666666667,60.0,77.21,train
580,20,56,1663.12,448,29.698571428571427,7.781818181818182,338.59000000000003,train
581,39,13,1276.1200000000001,438,98.16307692307693,33.25,277.72,train
582,194,2,150.09,283,75.045,89.0,170.59,train
583,68,9,717.02,425,79.66888888888889,44.625,475.13,train
584,46,9,106.6,452,11.844444444444443,50.75,20.98,train
585,19,60,13087.11,450,218.1185,7.305084745762712,2389.26,train
586,91,10,557.71,445,55.771,39.333333333333336,0.0,train
587,22,22,3140.74,437,142.76090909090908,19.761904761904763,811.76,train
588,18,17,927.0699999999999,427,54.533529411764704,25.5625,133.12,train
589,290,2,35.15,446,17.575,156.0,17.08,train
590,75,7,326.38,458,46.62571428571429,63.833333333333336,33.79,train
591,8,32,5522.1900000000005,458,172.56843750000002,14.516129032258064,509.97,train
592,39,29,3053.49,459,105.29275862068965,15.0,90.42,train
593,190,1,99.82,190,99.82,0.0,0.0,train
594,21,17,1301.76,449,76.57411764705883,26.75,72.28,train
595,31,14,1702.53,375,121.60928571428572,26.46153846153846,103.53,train
596,57,3,266.45,457,88.81666666666666,200.0,0.0,train
597,8,19,2551.65,423,134.29736842105262,23.055555555555557,96.05,train
598,96,2,21.32,202,10.66,106.0,0.0,train
599,26,27,5908.21,443,218.8225925925926,16.03846153846154,764.84,train
600,3,6,364.15,447,60.69166666666666,88.8,0.0,train
601,156,4,92.65,359,23.1625,67.66666666666667,25.42,train
602,12,14,1783.2,437,127.37142857142858,32.69230769230769,844.27,train
603,2,31,9046.93,453,291.83645161290326,15.033333333333333,2023.58,train
604,233,5,396.78,450,79.356,54.25,59.56,train
605,1,26,2916.3,457,112.16538461538462,18.24,273.05,train
606,75,3,119.34,228,39.78,76.5,52.67,train
607,15,5,264.53999999999996,441,52.907999999999994,106.5,50.6,train
608,1,47,11521.59,451,245.14021276595744,9.782608695652174,3300.61,train
609,24,7,283.96,399,40.565714285714286,62.5,80.65,train
610,80,4,84.14,292,21.035,70.66666666666667,0.0,train
611,77,2,183.05,222,91.525,145.0,0.0,train
612,28,18,1579.21,441,87.73388888888888,24.294117647058822,69.12,train
613,17,6,462.13,345,77.02166666666666,65.6,0.0,train
614,21,19,1621.55,349,85.34473684210526,18.22222222222222,309.87,train
615,15,7,612.96,458,87.5657142857143,73.83333333333333,72.54,train
616,2,37,10234.78,454,276.6156756756757,12.555555555555555,196.76,train
617,3,7,805.09,358,115.01285714285714,59.166666666666664,118.36,train
618,17,33,4443.2699999999995,456,134.64454545454544,13.71875,1080.84,train
619,132,1,35.64,132,35.64,0.0,0.0,train
620,53,4,284.45,332,71.1125,93.0,82.12,train
621,3,17,2349.71,452,138.21823529411765,28.0625,132.58,train
622,20,9,515.92,460,57.32444444444444,55.0,67.55,train
623,69,6,395.31,365,65.885,59.2,0.0,train
624,14,17,2515.93,450,147.99588235294118,27.25,266.03,train
625,15,9,309.27000000000004,448,34.36333333333334,54.125,76.82,train
626,428,1,41.15,428,41.15,0.0,62.91,train
627,125,8,1150.55,440,143.81875,45.0,88.83,train
628,154,4,224.97,418,56.2425,88.0,0.0,train
629,1,10,554.87,449,55.487,49.77777777777778,185.84,train
630,6,47,12577.39,457,267.6040425531915,9.804347826086957,3887.1,train
631,138,1,57.23,138,57.23,0.0,0.0,train
632,28,12,1703.97,438,141.9975,37.27272727272727,585.8,train
634,46,3,245.59,192,81.86333333333333,73.0,106.69,train
635,126,4,211.25,430,52.8125,101.33333333333333,42.78,train
636,0,4,43.78,345,10.945,115.0,0.0,train
637,1,56,12159.99,460,217.14267857142858,8.345454545454546,2441.84,train
638,10,12,1266.17,379,105.51416666666667,33.54545454545455,201.32,train
639,48,3,52.510000000000005,421,17.503333333333334,186.5,0.0,train
640,64,7,225.38,385,32.19714285714286,53.5,71.4,train
641,291,2,133.39999999999998,329,66.69999999999999,38.0,0.0,train
642,16,9,810.21,279,90.02333333333334,32.875,256.61,train
643,125,7,394.33,410,56.332857142857144,47.5,56.99,train
644,331,2,40.67,450,20.335,119.0,0.0,train
645,52,10,1023.31,456,102.33099999999999,44.888888888888886,0.0,train
646,1,22,4450.15,429,202.27954545454543,20.38095238095238,416.47,train
647,207,3,93.11,454,31.036666666666665,123.5,34.39,train
648,102,13,919.18,414,70.70615384615384,26.0,192.75,train
649,1,5,527.77,460,105.554,114.75,80.52,train
650,37,13,2033.03,455,156.38692307692307,34.833333333333336,627.9000000000001,train
651,53,13,988.53,449,76.04076923076923,33.0,125.63,train
652,52,4,219.77,436,54.9425,128.0,116.78,train
653,33,14,1743.76,448,124.55428571428571,31.923076923076923,513.2,train
654,233,2,144.67000000000002,366,72.33500000000001,133.0,0.0,train
655,61,15,1503.0,427,100.2,26.142857142857142,199.42000000000002,train
656,29,10,896.56,395,89.65599999999999,40.666666666666664,85.62,train
657,67,5,753.8,447,150.76,95.0,170.39,train
658,16,22,4751.26,454,215.96636363636364,20.857142857142858,995.01,train
659,1,69,17848.63,450,258.6757971014493,6.602941176470588,2323.98,train
660,56,2,115.57,215,57.785,159.0,0.0,train
661,0,31,5405.17,438,174.36032258064517,14.6,725.8599999999999,train
662,73,6,273.38,457,45.56333333333333,76.8,0.0,train
663,140,5,150.57,442,30.113999999999997,75.5,57.12,train
664,22,12,1071.9,458,89.325,39.63636363636363,157.2,train
665,23,3,126.28999999999999,446,42.096666666666664,211.5,0.0,train
666,13,20,1621.4,456,81.07000000000001,23.31578947368421,249.99,train
667,0,25,4769.32,453,190.7728,18.875,815.08,train
668,358,1,45.5,358,45.5,0.0,0.0,train
669,19,4,229.28,455,57.32,145.33333333333334,75.31,train
670,24,15,2440.61,325,162.70733333333334,21.5,297.40999999999997,train
671,135,4,277.59,418,69.3975,94.33333333333333,83.21,train
672,17,38,5631.55,459,148.19868421052632,11.945945945945946,809.1999999999999,train
673,55,3,123.92,298,41.306666666666665,121.5,0.0,train
674,3,36,6749.84,429,187.49555555555557,12.17142857142857,1635.51,train
675,250,3,81.4,443,27.133333333333336,96.5,0.0,train
676,52,6,511.88,432,85.31333333333333,76.0,0.0,train
677,433,2,181.23,453,90.615,20.0,148.39,train
678,63,8,683.0,423,85.375,51.42857142857143,0.0,train
679,8,10,954.59,447,95.459,48.77777777777778,394.72,train
680,191,1,27.14,191,27.14,0.0,46.12,train
681,3,31,5347.93,438,172.51387096774195,14.5,1236.87,train
682,62,10,1713.51,343,171.351,31.22222222222222,344.31,train
683,0,68,12879.22,459,189.40029411764704,6.850746268656716,1824.2,train
684,9,17,1396.97,408,82.17470588235294,24.9375,373.33000000000004,train
685,286,2,129.62,445,64.81,159.0,61.34,train
686,47,21,2559.39,448,121.87571428571428,20.05,170.99,train
687,133,1,42.55,133,42.55,0.0,0.0,train
688,7,39,7365.82,455,188.86717948717947,11.789473684210526,740.49,train
689,34,8,148.67000000000002,398,18.583750000000002,52.0,0.0,train
690,82,3,223.22,205,74.40666666666667,61.5,0.0,train
691,8,5,59.269999999999996,297,11.854,72.25,0.0,train
692,205,2,34.260000000000005,330,17.130000000000003,125.0,0.0,train
693,164,6,448.19,355,74.69833333333334,38.2,171.88,train
694,21,9,1449.09,434,161.01,51.625,159.9,train
695,57,4,163.87,375,40.9675,106.0,39.9,train
696,72,1,132.23,72,132.23,0.0,181.60000000000002,train
697,65,3,258.48,456,86.16000000000001,195.5,98.75,train
698,335,2,73.86000000000001,340,36.93000000000001,5.0,0.0,train
699,8,11,1383.52,449,125.77454545454545,44.1,80.77,train
700,39,20,4115.58,450,205.779,21.63157894736842,1012.87,train
701,141,3,259.2,435,86.39999999999999,147.0,0.0,train
702,33,12,1380.94,399,115.07833333333333,33.27272727272727,305.19,train
703,129,9,1013.85,444,112.65,39.375,122.57,train
704,338,1,75.09,338,75.09,0.0,65.56,train
705,14,41,4134.94,458,100.85219512195121,11.1,633.27,train
706,5,20,4674.05,455,233.70250000000001,23.68421052631579,955.74,train
707,5,53,13473.41,460,254.21528301886792,8.75,3016.35,train
708,53,6,335.13,451,55.855,79.6,57.01,train
709,7,53,12527.26,460,236.3633962264151,8.711538461538462,2069.21,train
710,6,15,1146.8799999999999,383,76.45866666666666,26.928571428571427,125.67,train
711,297,5,268.54,433,53.708000000000006,34.0,45.59,train
712,60,4,343.81,436,85.9525,125.33333333333333,0.0,train
713,84,17,1312.45,419,77.20294117647059,20.9375,0.0,train
714,2,39,9571.42,418,245.42102564102564,10.947368421052632,1204.93,train
715,197,1,14.26,197,14.26,0.0,0.0,train
716,13,7,426.82,456,60.97428571428571,73.83333333333333,36.76,train
717,167,1,52.79,167,52.79,0.0,0.0,train
718,5,34,8154.82,448,239.84764705882353,13.424242424242424,3116.78,train
719,2,15,1157.96,417,77.19733333333333,29.642857142857142,419.11,train
720,14,20,2630.9900000000002,432,131.54950000000002,22.0,471.59000000000003,train
721,7,40,5999.150000000001,459,149.97875000000002,11.58974358974359,1434.29,train
722,29,11,1318.3,443,119.84545454545454,41.4,428.57,train
723,31,7,463.14,429,66.16285714285713,66.33333333333333,63.94,train
724,27,35,8139.74,443,232.564,12.235294117647058,1261.15,train
725,2,44,9896.95,457,224.93068181818182,10.581395348837209,3221.39,train
726,22,32,5372.62,437,167.894375,13.387096774193548,1159.19,train
727,43,12,1029.66,447,85.805,36.72727272727273,0.0,train
728,216,1,39.64,216,39.64,0.0,39.83,train
729,84,3,181.81,435,60.60333333333333,175.5,33.63,train
730,3,48,13338.41,456,277.88354166666664,9.638297872340425,2597.85,train
731,50,12,997.0799999999999,419,83.08999999999999,33.54545454545455,243.23,train
732,8,33,6789.98,446,205.7569696969697,13.6875,1634.56,train
733,7,33,5085.29,421,154.09969696969696,12.9375,805.77,train
734,3,22,4717.71,458,214.44136363636363,21.666666666666668,1137.19,train
735,219,4,357.06,428,89.265,69.66666666666667,0.0,train
736,22,20,4573.34,454,228.667,22.736842105263158,642.4,train
737,56,6,369.93,315,61.655,51.8,0.0,train
738,11,5,128.65,380,25.73,92.25,21.86,train
739,9,21,2004.0,460,95.42857142857143,22.55,370.01,train
740,63,9,186.78,433,20.753333333333334,46.25,33.08,train
741,49,4,225.42000000000002,432,56.355000000000004,127.66666666666667,46.43,train
742,3,31,4258.76,451,137.37935483870967,14.933333333333334,1466.16,train
743,59,2,95.26,290,47.63,231.0,47.44,train
744,12,26,6558.37,423,252.245,16.44,1983.98,train
745,139,8,887.3,452,110.9125,44.714285714285715,114.94,train
746,22,5,352.95,428,70.59,101.5,83.1,train
747,32,4,225.49,392,56.3725,120.0,85.16,train
748,16,13,840.25,449,64.63461538461539,36.083333333333336,70.48,train
749,24,24,2033.9,453,84.74583333333334,18.652173913043477,0.0,train
750,17,16,1985.55,365,124.096875,23.2,115.99,train
751,70,7,412.05,356,58.864285714285714,47.666666666666664,62.8,train
752,15,4,155.70000000000002,422,38.925000000000004,135.66666666666666,0.0,train
753,10,55,11226.74,460,204.12254545454545,8.333333333333334,1712.04,train
754,44,6,313.31,407,52.218333333333334,72.6,78.68,train
755,11,16,1929.66,459,120.60375,29.866666666666667,568.32,train
756,3,6,458.28000000000003,412,76.38000000000001,81.8,90.56,train
757,5,5,260.74,321,52.148,79.0,111.15,train
758,4,9,1031.89,319,114.65444444444445,39.375,0.0,train
759,62,1,35.68,62,35.68,0.0,0.0,train
760,31,9,708.51,435,78.72333333333333,50.5,293.86,train
761,79,6,477.54,426,79.59,69.4,0.0,train
762,1,18,4666.48,428,259.24888888888887,25.11764705882353,980.17,train
763,51,3,134.99,365,44.99666666666667,157.0,30.94,train
764,444,1,60.38,444,60.38,0.0,0.0,train
765,28,49,12465.59,457,254.39979591836735,8.9375,2626.56,train
766,196,6,164.26999999999998,404,27.37833333333333,41.6,30.56,train
767,82,4,202.6,407,50.65,108.33333333333333,27.26,train
768,139,2,118.0,158,59.0,19.0,49.57,train
769,0,17,1894.83,421,111.46058823529411,26.3125,105.75,train
770,127,4,265.17,338,66.2925,70.33333333333333,0.0,train
771,34,15,712.65,437,47.51,28.785714285714285,49.67,train
772,107,12,1591.24,457,132.60333333333332,31.818181818181817,460.01,train
773,19,35,5814.12,451,166.11771428571427,12.705882352941176,793.37,train
774,37,15,1351.69,385,90.11266666666667,24.857142857142858,174.0,train
775,9,52,10061.85,459,193.4971153846154,8.823529411764707,2896.32,train
776,4,23,1467.0,440,63.78260869565217,19.818181818181817,340.84,train
777,10,13,1319.53,390,101.5023076923077,31.666666666666668,439.42,train
778,40,12,1126.46,458,93.87166666666667,38.0,174.98,train
779,48,22,1074.18,442,48.82636363636364,18.761904761904763,324.65,train
780,5,28,2890.77,441,103.24178571428571,16.14814814814815,935.46,train
781,18,12,1077.42,396,89.78500000000001,34.36363636363637,224.16000000000003,train
782,21,12,1189.06,435,99.08833333333332,37.63636363636363,68.87,train
783,74,5,303.72,383,60.74400000000001,77.25,73.64,train
784,21,31,5199.42,459,167.7232258064516,14.6,863.38,train
785,15,51,7079.65,457,138.81666666666666,8.84,1011.0,train
786,2,23,4303.94,460,187.1278260869565,20.818181818181817,1784.23,train
787,6,26,3094.38,450,119.01461538461538,17.76,1630.49,train
788,31,4,73.09,404,18.2725,124.33333333333333,0.0,train
789,12,29,6458.91,450,222.72103448275863,15.642857142857142,628.89,train
790,26,9,1035.83,454,115.09222222222222,53.5,229.52999999999997,train
791,205,3,268.75,365,89.58333333333333,80.0,98.19,train
792,50,3,134.49,247,44.830000000000005,98.5,43.64,train
793,90,4,386.37,253,96.5925,54.333333333333336,75.4,train
794,23,7,369.7,345,52.81428571428571,53.666666666666664,0.0,train
795,45,17,1842.45,456,108.37941176470588,25.6875,168.47,train
796,2,29,5664.38,453,195.32344827586206,16.107142857142858,579.21,train
797,112,2,48.89,457,24.445,345.0,17.52,train
798,130,5,77.39,381,15.478,62.75,16.28,train
799,1,48,10560.45,449,220.009375,9.53191489361702,2867.67,train
800,19,8,896.0899999999999,417,112.01124999999999,56.857142857142854,86.92,train
801,17,14,1760.63,441,125.75928571428572,32.61538461538461,431.74,train
802,51,23,1985.51,440,86.32652173913043,17.681818181818183,200.31,train
803,18,30,7201.63,451,240.05433333333335,14.931034482758621,1766.8400000000001,train
804,169,7,260.11,436,37.15857142857143,44.5,0.0,train
805,308,3,187.74,421,62.580000000000005,56.5,157.43,train
806,2,18,3082.06,459,171.22555555555556,26.88235294117647,1512.98,train
807,80,1,59.88,80,59.88,0.0,63.91,train
808,15,6,691.0600000000001,251,115.17666666666668,47.2,528.96,train
809,149,2,74.93,374,37.465,225.0,0.0,train
810,19,6,455.96000000000004,248,75.99333333333334,45.8,73.06,train
811,103,8,647.01,442,80.87625,48.42857142857143,322.54,train
812,35,2,53.8,80,26.9,45.0,0.0,train
813,37,28,7440.05,448,265.7160714285714,15.222222222222221,1600.85,train
814,79,5,191.46,356,38.292,69.25,50.74,train
815,92,3,258.90999999999997,416,86.30333333333333,162.0,81.5,train
816,19,14,1902.41,426,135.88642857142858,31.307692307692307,407.22,train
817,0,59,10792.1,456,182.91694915254237,7.862068965517241,2704.65,train
818,45,11,903.61,439,82.14636363636363,39.4,127.78,train
819,5,38,7816.24,459,205.69052631578947,12.27027027027027,693.5,train
820,10,11,814.64,333,74.05818181818182,32.3,98.99000000000001,train
821,2,29,7350.3099999999995,459,253.45896551724135,16.321428571428573,683.38,train
822,31,11,1391.02,439,126.45636363636363,40.8,757.8299999999999,train
823,166,3,196.08999999999997,431,65.36333333333333,132.5,117.32000000000001,train
824,15,34,7594.48,445,223.3670588235294,13.030303030303031,1523.3500000000001,train
825,239,2,95.12,266,47.56,27.0,0.0,train
826,386,2,108.53,454,54.265,68.0,53.49,train
827,108,1,28.54,108,28.54,0.0,0.0,train
829,137,3,99.19,391,33.06333333333333,127.0,35.33,train
830,1,60,18461.52,458,307.692,7.745762711864407,2361.41,train
831,121,6,259.29,432,43.215,62.2,166.22,train
832,43,5,157.94,454,31.588,102.75,0.0,train
833,79,6,357.68,411,59.61333333333334,66.4,0.0,train
834,4,17,2143.82,453,126.10705882352943,28.0625,640.94,train
835,84,3,73.2,391,24.400000000000002,153.5,0.0,train
836,1,58,9354.17,460,161.27879310344827,8.052631578947368,2640.4,train
837,63,4,225.86,300,56.465,79.0,55.21,train
838,31,37,9262.86,447,250.34756756756758,11.555555555555555,1296.08,train
839,198,1,33.22,198,33.22,0.0,0.0,train
840,22,7,442.45,331,63.207142857142856,51.5,134.74,train
841,5,52,14878.54,458,286.12576923076927,8.882352941176471,2735.12,train
842,302,2,36.17,372,18.085,70.0,40.69,train
843,12,32,7209.35,459,225.2921875,14.419354838709678,2034.38,train
844,90,3,92.23,408,30.743333333333336,159.0,32.03,train
845,79,7,622.03,377,88.86142857142856,49.666666666666664,0.0,train
846,68,4,208.42000000000002,200,52.105000000000004,44.0,61.92,train
847,9,7,114.91,420,16.415714285714284,68.5,0.0,train
848,2,50,14884.68,456,297.6936,9.26530612244898,2320.8,train
849,22,8,641.35,412,80.16875,55.714285714285715,407.91999999999996,train
850,176,3,179.99,342,59.99666666666667,83.0,0.0,train
851,28,9,896.85,433,99.65,50.625,175.11,train
852,41,8,873.69,432,109.21125,55.857142857142854,0.0,train
853,0,18,1876.82,430,104.26777777777778,25.294117647058822,275.1,train
854,75,7,176.82,431,25.259999999999998,59.333333333333336,49.58,train
855,18,16,1753.04,443,109.565,28.333333333333332,388.59,train
856,1,13,1658.1,453,127.54615384615384,37.666666666666664,219.7,train
857,95,6,442.2,403,73.7,61.6,224.33,train
858,26,35,8904.3,450,254.4085714285714,12.470588235294118,2385.2000000000003,train
859,132,4,182.06,383,45.515,83.66666666666667,48.03,train
860,47,3,258.46,439,86.15333333333332,196.0,0.0,train
861,70,2,105.1,388,52.55,318.0,115.31,train
862,7,53,10607.380000000001,452,200.13924528301888,8.557692307692308,1642.15,train
863,231,2,119.97,366,59.985,135.0,0.0,train
864,294,1,37.29,294,37.29,0.0,0.0,train
865,409,1,40.27,409,40.27,0.0,49.79,train
866,151,4,281.71999999999997,350,70.42999999999999,66.33333333333333,61.98,train
867,19,23,2276.33,449,98.97086956521738,19.545454545454547,611.62,train
868,260,1,72.69,260,72.69,0.0,0.0,train
869,30,36,8523.92,455,236.77555555555557,12.142857142857142,1934.89,train
870,11,7,456.90999999999997,360,65.27285714285713,58.166666666666664,45.54,train
871,11,41,6366.09,456,155.27048780487806,11.125,1544.3899999999999,train
872,1,34,5977.0199999999995,453,175.79470588235293,13.696969696969697,451.72,train
873,140,3,127.59,368,42.53,114.0,0.0,train
874,254,2,78.93,307,39.465,53.0,51.54,train
875,36,7,368.6,411,52.65714285714286,62.5,52.35,train
876,386,2,156.03,394,78.015,8.0,116.09,train
877,34,21,2304.69,429,109.74714285714286,19.75,337.39,train
878,20,14,2170.35,459,155.025,33.76923076923077,120.26,train
879,34,4,186.05,413,46.5125,126.33333333333333,39.2,train
880,220,1,69.33,220,69.33,0.0,156.42000000000002,train
881,41,2,84.36,105,42.18,64.0,89.59,train
882,112,3,128.52,324,42.84,106.0,38.67,train
883,3,5,230.91,369,46.182,91.5,156.6,train
884,13,18,2391.6800000000003,450,132.87111111111113,25.705882352941178,0.0,train
885,51,4,292.14,182,73.035,43.666666666666664,0.0,train
886,16,10,749.54,397,74.954,42.333333333333336,66.14,train
887,224,4,150.7,317,37.675,31.0,29.33,train
888,141,9,1106.3,453,122.92222222222222,39.0,397.85,train
889,85,9,861.2,362,95.6888888888889,34.625,301.58,train
890,15,13,1138.48,437,87.57538461538462,35.166666666666664,204.16,train
891,14,34,4968.0,460,146.11764705882354,13.515151515151516,1178.53,train
892,19,15,2116.55,455,141.10333333333335,31.142857142857142,506.73,train
893,15,3,210.46,327,70.15333333333334,156.0,55.28,train
894,7,3,164.26,107,54.75333333333333,50.0,0.0,train
895,7,19,2527.04,419,133.0021052631579,22.88888888888889,294.64,train
896,9,11,383.84000000000003,460,34.89454545454546,45.1,68.55,train
897,42,10,780.5,417,78.05,41.666666666666664,63.43,train
898,1,47,10876.66,460,231.41829787234042,9.978260869565217,312.36,train
899,95,3,120.15,274,40.050000000000004,89.5,0.0,train
900,306,3,255.9,400,85.3,47.0,86.18,train
901,28,12,1099.44,447,91.62,38.09090909090909,87.91,train
902,181,3,63.49,198,21.163333333333334,8.5,21.86,train
903,4,47,9094.78,452,193.50595744680854,9.73913043478261,1730.6299999999999,train
904,80,8,467.99,443,58.49875,51.857142857142854,53.42,train
905,212,4,43.47,454,10.8675,80.66666666666667,0.0,train
906,9,34,8113.71,453,238.6385294117647,13.454545454545455,2245.77,train
907,72,1,60.52,72,60.52,0.0,119.75999999999999,train
908,3,38,6267.53,445,164.935,11.945945945945946,1287.84,train
909,226,2,109.39999999999999,289,54.699999999999996,63.0,0.0,train
910,11,3,230.55,164,76.85000000000001,76.5,0.0,train
911,19,26,3270.72,448,125.79692307692306,17.16,565.9699999999999,train
912,17,9,541.92,367,60.21333333333333,43.75,210.47000000000003,train
913,102,8,447.55,363,55.94375,37.285714285714285,332.81,train
914,86,4,162.92000000000002,387,40.730000000000004,100.33333333333333,91.07,train
915,235,2,102.19999999999999,436,51.099999999999994,201.0,0.0,train
916,18,2,21.73,156,10.865,138.0,0.0,train
917,45,21,5067.03,460,241.28714285714284,20.75,208.14,train
918,11,19,2808.89,402,147.83631578947367,21.72222222222222,324.31,train
920,30,5,371.5,425,74.3,98.75,157.3,train
921,40,4,260.96999999999997,243,65.24249999999999,67.66666666666667,0.0,train
922,5,18,1509.83,408,83.87944444444445,23.705882352941178,0.0,train
923,9,7,732.8299999999999,433,104.68999999999998,70.66666666666667,214.08,train
924,257,1,57.53,257,57.53,0.0,0.0,train
925,4,68,16954.41,449,249.3295588235294,6.641791044776119,3086.85,train
926,17,3,42.339999999999996,260,14.113333333333332,121.5,28.810000000000002,train
927,3,47,10542.2,457,224.3021276595745,9.869565217391305,2381.96,train
928,13,9,1343.02,374,149.22444444444443,45.125,433.62,train
929,116,2,217.69,211,108.845,95.0,0.0,train
930,64,4,55.61,445,13.9025,127.0,46.17,train
931,6,7,1159.54,429,165.64857142857142,70.5,0.0,train
932,3,4,221.97,381,55.4925,126.0,129.91,train
933,3,1,35.78,3,35.78,0.0,40.98,train
934,24,11,752.8299999999999,421,68.43909090909091,39.7,355.29,train
935,109,4,57.26,340,14.315,77.0,0.0,train
936,19,4,127.53,439,31.8825,140.0,0.0,train
937,15,55,12248.63,453,222.70236363636363,8.11111111111111,2183.88,train
938,4,15,1340.97,304,89.398,21.428571428571427,243.2,train
939,61,3,171.87,395,57.29,167.0,0.0,train
940,37,12,842.8,407,70.23333333333333,33.63636363636363,75.98,train
941,408,1,68.41,408,68.41,0.0,76.53,train
942,66,2,106.60000000000001,123,53.300000000000004,57.0,59.0,train
943,16,21,2694.94,417,128.3304761904762,20.05,231.55,train
944,77,4,160.56,219,40.14,47.333333333333336,0.0,train
945,27,4,165.13,270,41.2825,81.0,39.53,train
946,103,8,220.73,459,27.59125,50.857142857142854,49.66,train
947,49,16,1429.46,419,89.34125,24.666666666666668,197.82,train
948,3,29,3005.01,453,103.62103448275863,16.071428571428573,349.26,train
949,172,8,412.67,443,51.58375,38.714285714285715,0.0,train
950,38,13,867.73,435,66.74846153846154,33.083333333333336,0.0,train
951,130,3,133.55,427,44.51666666666667,148.5,0.0,train
952,34,7,247.44,266,35.348571428571425,38.666666666666664,0.0,train
953,191,3,195.45999999999998,458,65.15333333333332,133.5,0.0,train
954,0,43,7734.07,454,179.8620930232558,10.80952380952381,2195.85,train
955,358,1,31.11,358,31.11,0.0,110.55,train
956,16,56,10827.52,424,193.34857142857143,7.418181818181818,3286.98,train
957,207,3,93.49000000000001,428,31.163333333333338,110.5,33.17,train
958,33,20,1386.54,459,69.327,22.42105263157895,345.7,train
959,1,15,862.37,422,57.49133333333334,30.071428571428573,0.0,train
960,129,1,50.66,129,50.66,0.0,0.0,train
961,34,7,218.45,457,31.207142857142856,70.5,0.0,train
962,33,14,1139.0,408,81.35714285714286,28.846153846153847,157.95,train
963,15,11,1068.82,418,97.16545454545454,40.3,171.9,train
964,112,3,212.26999999999998,392,70.75666666666666,140.0,0.0,train
965,11,8,1015.4200000000001,400,126.92750000000001,55.57142857142857,100.84,train
966,184,5,178.7,453,35.739999999999995,67.25,0.0,train
967,90,1,15.65,90,15.65,0.0,0.0,train
968,131,8,791.29,455,98.91125,46.285714285714285,0.0,train
969,1,58,9294.78,453,160.25482758620691,7.9298245614035086,2216.4700000000003,train
970,34,23,1655.8899999999999,449,71.99521739130434,18.863636363636363,95.74,train
971,4,68,15581.38,444,229.13794117647058,6.567164179104478,3928.6800000000003,train
972,41,10,1095.25,418,109.525,41.888888888888886,118.73,train
973,141,2,92.12,344,46.06,203.0,67.66,train
974,104,5,288.99,263,57.798,39.75,0.0,train
975,90,5,322.95,352,64.59,65.5,0.0,train
976,2,8,99.82000000000001,429,12.477500000000001,61.0,44.57,train
977,17,30,5300.53,444,176.6843333333333,14.724137931034482,1991.93,train
978,80,17,2579.34,438,151.7258823529412,22.375,876.78,train
979,12,23,2323.27,449,101.01173913043478,19.863636363636363,0.0,train
980,41,3,117.71000000000001,338,39.23666666666667,148.5,0.0,train
981,61,40,7249.92,452,181.248,10.025641025641026,1887.87,train
982,10,5,292.98,416,58.596000000000004,101.5,75.85,train
983,11,34,6549.45,436,192.63088235294117,12.878787878787879,1625.92,train
984,9,14,1204.42,459,86.03,34.61538461538461,95.28,train
985,9,4,251.86,391,62.965,127.33333333333333,0.0,train
986,90,15,1927.55,456,128.50333333333333,26.142857142857142,660.29,train
987,4,28,6105.0199999999995,457,218.03642857142856,16.77777777777778,1963.06,train
988,60,1,39.36,60,39.36,0.0,0.0,train
989,1,20,3034.57,426,151.7285,22.36842105263158,188.49,train
990,56,1,49.47,56,49.47,0.0,26.26,train
991,0,7,388.76,386,55.537142857142854,64.33333333333333,32.09,train
992,19,4,149.95,243,37.4875,74.66666666666667,0.0,train
993,10,8,777.52,446,97.19,62.285714285714285,308.4,train
994,18,4,130.34,318,32.585,100.0,36.59,train
995,88,6,502.03,433,83.67166666666667,69.0,66.65,train
996,6,17,746.2,460,43.89411764705883,28.375,92.86,train
997,74,8,280.40999999999997,428,35.051249999999996,50.57142857142857,39.18,train
998,13,6,398.63,379,66.43833333333333,73.2,56.93,train
999,13,12,1206.78,336,100.565,29.363636363636363,230.15,train
1000,101,7,992.12,446,141.73142857142858,57.5,469.21,train
1001,347,2,103.28,388,51.64,41.0,0.0,train
1002,33,3,166.58,157,55.52666666666667,62.0,0.0,train
1003,51,8,981.85,359,122.73125,44.0,351.75,train
1004,88,4,102.94,388,25.735,100.0,0.0,train
1005,13,57,8646.47,456,151.69245614035086,7.910714285714286,1683.73,train
1006,43,16,1569.31,423,98.081875,25.333333333333332,0.0,train
1007,139,7,834.86,446,119.26571428571428,51.166666666666664,93.96,train
1008,0,66,12963.58,456,196.41787878787878,7.015384615384615,1935.01,train
1009,4,6,568.44,213,94.74000000000001,41.8,242.86,train
1010,180,2,50.67,235,25.335,55.0,0.0,train
1011,2,48,8515.28,436,177.40166666666667,9.23404255319149,1071.37,train
1012,38,15,1577.5800000000002,444,105.17200000000001,29.0,144.0,train
1014,20,9,335.28000000000003,413,37.25333333333334,49.125,43.19,train
1016,33,7,247.8,287,35.4,42.333333333333336,36.32,train
1017,181,2,154.79000000000002,227,77.39500000000001,46.0,0.0,train
1018,56,6,663.27,432,110.545,75.2,208.16,train
1020,214,8,646.51,454,80.81375,34.285714285714285,90.79,train
1021,212,3,213.5,386,71.16666666666667,87.0,0.0,train
1022,15,21,1371.14,453,65.29238095238095,21.9,333.36,train
1023,3,79,9939.01,458,125.81025316455697,5.833333333333333,1622.62,train
1024,293,3,173.61999999999998,435,57.87333333333333,71.0,0.0,train
1025,208,2,249.95,337,124.975,129.0,0.0,train
1026,28,14,1594.16,431,113.86857142857143,31.0,611.76,train
1027,130,2,162.8,308,81.4,178.0,310.44,train
1028,219,1,45.66,219,45.66,0.0,66.63,train
1029,9,65,14925.35,430,229.62076923076924,6.578125,2955.02,train
1030,30,10,743.3,447,74.33,46.333333333333336,0.0,train
1031,12,16,2173.52,451,135.845,29.266666666666666,108.08,train
1032,27,19,776.22,423,40.85368421052632,22.0,29.42,train
1033,6,20,1988.88,456,99.444,23.68421052631579,452.5,train
1034,62,7,290.52,377,41.50285714285714,52.5,49.79,train
1035,1,50,12491.48,460,249.8296,9.36734693877551,1947.95,train
1036,78,14,1680.17,428,120.01214285714286,26.923076923076923,151.81,train
1037,10,62,12105.27,446,195.24629032258065,7.147540983606557,2307.31,train
1038,25,59,11824.73,450,200.41915254237287,7.327586206896552,1612.84,train
1039,25,6,480.16,456,80.02666666666667,86.2,199.09,train
1040,78,13,3329.1,442,256.0846153846154,30.333333333333332,1379.8600000000001,train
1041,26,33,4412.61,447,133.71545454545455,13.15625,637.05,train
1042,9,23,3962.53,444,172.28391304347826,19.772727272727273,1164.73,train
1043,68,3,83.78,341,27.926666666666666,136.5,20.88,train
1044,41,9,355.17,431,39.46333333333334,48.75,50.97,train
1045,23,2,205.34,299,102.67,276.0,93.73,train
1046,90,7,256.67,293,36.667142857142856,33.833333333333336,59.63,train
1047,28,20,5553.29,401,277.6645,19.63157894736842,1826.12,train
1048,246,4,154.87,425,38.7175,59.666666666666664,79.94,train
1049,9,3,232.29,211,77.42999999999999,101.0,67.91,train
1050,73,9,847.49,447,94.16555555555556,46.75,0.0,train
1051,20,14,1223.58,446,87.39857142857143,32.76923076923077,214.66,train
1052,69,7,552.11,456,78.87285714285714,64.5,105.57,train
1053,127,6,313.94,379,52.32333333333333,50.4,0.0,train
1054,36,2,79.38,111,39.69,75.0,38.73,train
1055,1,6,197.75,387,32.958333333333336,77.2,32.31,train
1056,6,13,576.14,447,44.318461538461534,36.75,150.07,train
1057,137,3,147.3,363,49.1,113.0,94.44,train
1058,6,9,1490.19,384,165.57666666666668,47.25,455.45,train
1059,167,2,57.25,399,28.625,232.0,67.12,train
1060,22,7,371.11,279,53.01571428571429,42.833333333333336,0.0,train
1061,108,4,176.61,253,44.1525,48.333333333333336,0.0,train
1062,210,1,32.2,210,32.2,0.0,0.0,train
1063,48,6,319.24,406,53.20666666666667,71.6,48.95,train
1064,6,39,5472.68,457,140.3251282051282,11.868421052631579,928.64,train
1065,11,8,496.98,245,62.1225,33.42857142857143,85.06,train
1066,253,2,104.44,381,52.22,128.0,0.0,train
1067,57,4,241.48000000000002,444,60.370000000000005,129.0,88.22,train
1068,141,3,94.1,410,31.366666666666664,134.5,0.0,train
1069,17,25,2555.26,458,102.2104,18.375,329.82,train
1070,8,6,490.77,442,81.795,86.8,0.0,train
1071,5,67,10942.83,455,163.32582089552238,6.818181818181818,1702.5900000000001,train
1072,197,1,56.7,197,56.7,0.0,55.08,train
1073,14,36,7379.7,459,204.99166666666667,12.714285714285714,1824.7,train
1074,94,5,364.28,418,72.856,81.0,0.0,train
1075,200,3,251.59,365,83.86333333333333,82.5,0.0,train
1076,10,33,8669.83,440,262.72212121212124,13.4375,3135.54,train
1077,15,13,1865.6399999999999,458,143.51076923076923,36.916666666666664,388.31,train
1078,5,4,215.42,408,53.855,134.33333333333334,43.59,train
1079,148,2,105.25999999999999,280,52.629999999999995,132.0,108.6,train
1080,12,46,9952.58,458,216.3604347826087,9.911111111111111,2203.92,train
1081,15,50,13107.51,449,262.1502,8.857142857142858,1841.88,train
1082,0,16,1865.78,416,116.61125,27.733333333333334,549.01,train
1083,112,9,619.89,448,68.87666666666667,42.0,58.34,train
1084,32,6,579.8100000000001,422,96.635,78.0,0.0,train
1085,17,33,4007.58,456,121.44181818181818,13.71875,788.79,train
1086,17,13,1347.74,333,103.6723076923077,26.333333333333332,537.24,train
1087,30,12,1161.18,370,96.765,30.90909090909091,423.8,train
1088,87,6,523.59,429,87.265,68.4,87.09,train
1089,3,54,11496.74,437,212.90259259259258,8.18867924528302,3461.01,train
1090,56,5,279.11,133,55.822,19.25,0.0,train
1091,5,4,136.11,452,34.0275,149.0,0.0,train
1092,57,12,1215.18,415,101.265,32.54545454545455,502.09000000000003,train
1093,118,3,269.93,327,89.97666666666667,104.5,125.47,train
1094,4,41,6661.54,459,162.47658536585365,11.375,1135.81,train
1095,87,5,194.68,350,38.936,65.75,0.0,train
1096,13,28,5469.2,455,195.32857142857142,16.37037037037037,1174.52,train
1097,11,15,1428.8400000000001,410,95.25600000000001,28.5,525.43,train
1098,101,4,243.47,459,60.8675,119.33333333333333,0.0,train
1099,3,7,920.12,212,131.44571428571427,34.833333333333336,201.28,train
1100,6,8,361.05,343,45.13125,48.142857142857146,0.0,train
1101,384,2,88.34,460,44.17,76.0,0.0,train
1102,130,8,478.69,342,59.83625,30.285714285714285,0.0,train
1103,202,3,216.68,433,72.22666666666667,115.5,0.0,train
1104,23,3,180.94,184,60.31333333333333,80.5,155.32,train
1105,444,1,48.14,444,48.14,0.0,77.45,train
1106,365,1,60.55,365,60.55,0.0,0.0,train
1107,9,5,342.46,251,68.49199999999999,60.5,0.0,train
1108,154,1,81.16,154,81.16,0.0,141.77,train
1109,113,8,491.15,394,61.39375,40.142857142857146,142.13,train
1110,6,55,9399.86,460,170.90654545454547,8.407407407407407,1613.45,train
1111,8,14,1971.3899999999999,458,140.8135714285714,34.61538461538461,724.09,train
1112,0,8,316.55,351,39.56875,50.142857142857146,0.0,train
1113,165,5,228.51999999999998,374,45.70399999999999,52.25,46.6,train
1114,25,8,765.57,458,95.69625,61.857142857142854,815.83,train
1115,1,7,580.38,358,82.91142857142857,59.5,120.86,train
1116,9,27,6336.68,446,234.69185185185185,16.807692307692307,433.89,train
1117,13,8,340.96,419,42.62,58.0,0.0,train
1118,2,51,10516.43,442,206.20450980392158,8.8,1227.74,train
1119,20,3,118.77,170,39.589999999999996,75.0,0.0,train
1120,6,12,1702.64,458,141.88666666666668,41.09090909090909,424.95,train
1121,15,6,406.01,457,67.66833333333334,88.4,0.0,train
1122,66,8,315.01,451,39.37625,55.0,0.0,train
1123,11,11,1383.86,316,125.80545454545454,30.5,328.11,train
1124,3,6,347.88,332,57.98,65.8,0.0,train
1125,3,11,661.74,386,60.158181818181816,38.3,53.13,train
1126,194,1,63.34,194,63.34,0.0,0.0,train
1127,11,5,241.41,456,48.282,111.25,0.0,train
1128,0,6,187.37,445,31.228333333333335,89.0,0.0,train
1129,24,23,4862.11,438,211.3960869565217,18.818181818181817,1084.52,train
1130,24,37,7522.2,453,203.3027027027027,11.916666666666666,1499.28,train
1131,162,1,82.38,162,82.38,0.0,113.89,train
1132,22,10,495.64,402,49.564,42.22222222222222,39.69,train
1133,91,2,98.84,447,49.42,356.0,110.88,train
1134,228,6,530.72,458,88.45333333333333,46.0,0.0,train
1135,77,5,249.81,375,49.962,74.5,0.0,train
1136,15,5,329.97,368,65.994,88.25,0.0,train
1137,52,12,1205.15,453,100.42916666666667,36.45454545454545,65.51,train
1138,4,27,5574.19,455,206.45148148148147,17.346153846153847,395.46000000000004,train
1139,6,20,2703.49,460,135.1745,23.894736842105264,626.8,train
1140,135,8,755.31,453,94.41375,45.42857142857143,420.55,train
1141,14,25,3831.08,429,153.2432,17.291666666666668,192.1,train
1142,17,4,250.99,221,62.7475,68.0,67.86,train
1143,355,3,113.94999999999999,451,37.98333333333333,48.0,0.0,train
1144,18,8,1006.27,406,125.78375,55.42857142857143,830.49,train
1145,3,16,1784.58,439,111.53625,29.066666666666666,842.31,train
1146,106,5,302.92,434,60.584,82.0,137.05,train
1147,1,70,16149.7,458,230.71,6.6231884057971016,2140.17,train
1148,4,20,1907.03,445,95.3515,23.210526315789473,842.1800000000001,train
1149,4,5,221.42000000000002,239,44.284000000000006,58.75,0.0,train
1150,19,14,1308.43,452,93.45928571428571,33.30769230769231,232.49,train
1151,9,17,1527.29,436,89.84058823529412,26.6875,94.28,train
1152,107,6,404.29999999999995,449,67.38333333333333,68.4,74.56,train
1153,15,8,335.98,404,41.9975,55.57142857142857,0.0,train
1154,31,2,113.91999999999999,173,56.959999999999994,142.0,0.0,train
1155,57,9,905.51,424,100.61222222222221,45.875,0.0,train
1156,6,22,2632.66,455,119.66636363636363,21.38095238095238,340.38,train
1157,286,2,137.70999999999998,379,68.85499999999999,93.0,51.13,train
1158,11,16,1008.6,437,63.0375,28.4,270.02,train
1159,6,29,4481.6,442,154.53793103448277,15.571428571428571,1000.6,train
1160,266,5,218.91,402,43.782,34.0,0.0,train
1161,1,5,225.21,445,45.042,111.0,0.0,train
1162,2,4,213.63,434,53.4075,144.0,60.46,train
1163,62,11,1442.45,426,131.13181818181818,36.4,597.17,train
1164,61,4,324.31,245,81.0775,61.333333333333336,0.0,train
1165,114,2,109.91,272,54.955,158.0,0.0,train
1166,27,9,1177.29,450,130.81,52.875,427.27,train
1168,18,18,3031.57,438,168.42055555555555,24.705882352941178,392.1,train
1169,1,48,9573.1,457,199.43958333333333,9.702127659574469,2151.7799999999997,train
1170,72,3,135.63,172,45.21,50.0,0.0,train
1171,55,25,3591.57,442,143.6628,16.125,360.24,train
1172,36,3,112.47,454,37.49,209.0,64.21,train
1173,242,2,202.72,242,101.36,0.0,0.0,train
1174,24,26,3405.93,445,130.9973076923077,16.84,377.94,train
1175,36,5,248.04999999999998,402,49.61,91.5,0.0,train
1176,69,19,2298.33,439,120.96473684210525,20.555555555555557,741.0,train
1177,279,3,237.34,416,79.11333333333333,68.5,104.74,train
1178,5,4,330.87,396,82.7175,130.33333333333334,0.0,train
1179,380,2,55.8,415,27.9,35.0,33.03,train
1180,24,4,347.15999999999997,303,86.78999999999999,93.0,0.0,train
1181,140,3,62.09,353,20.69666666666667,106.5,0.0,train
1182,1,21,2824.75,454,134.51190476190476,22.65,620.11,train
1183,28,11,1209.39,446,109.94454545454546,41.8,373.39,train
1184,389,1,23.21,389,23.21,0.0,0.0,train
1185,412,1,10.43,412,10.43,0.0,0.0,train
1186,60,5,195.52,397,39.104,84.25,0.0,train
1187,11,65,18002.8,459,276.9661538461538,7.0,3968.66,train
1188,2,26,3113.56,428,119.7523076923077,17.04,397.41,train
1189,40,4,165.76,349,41.44,103.0,39.01,train
1190,329,1,39.02,329,39.02,0.0,0.0,train
1191,15,23,2901.8,452,126.16521739130435,19.863636363636363,664.22,train
1192,90,4,321.82,457,80.455,122.33333333333333,178.51,train
1193,5,32,6046.24,456,188.945,14.548387096774194,2239.84,train
1194,63,8,238.61,338,29.82625,39.285714285714285,38.53,train
1195,0,5,199.35999999999999,421,39.872,105.25,30.61,train
1196,9,7,278.44,428,39.777142857142856,69.83333333333333,0.0,train
1197,8,4,276.05,341,69.0125,111.0,0.0,train
1198,23,5,280.73,307,56.146,71.0,104.99,train
1199,295,2,64.97,404,32.485,109.0,0.0,train
1200,30,2,148.07999999999998,416,74.03999999999999,386.0,0.0,train
1201,2,54,9360.36,460,173.34,8.641509433962264,1308.97,train
1202,8,51,7946.96,450,155.8227450980392,8.84,2850.12,train
1203,0,3,214.7,439,71.56666666666666,219.5,0.0,train
1204,3,45,10800.77,442,240.01711111111112,9.977272727272727,3184.66,train
1205,26,6,614.3,416,102.38333333333333,78.0,375.57,train
1206,56,5,172.54,286,34.507999999999996,57.5,115.36,train
1207,5,5,244.19,382,48.838,94.25,34.73,train
1208,4,8,519.5699999999999,280,64.94624999999999,39.42857142857143,0.0,train
1209,3,12,1008.35,455,84.02916666666667,41.09090909090909,130.74,train
1210,17,23,1758.61,451,76.46130434782609,19.727272727272727,170.93,train
1211,32,11,1183.7,460,107.60909090909091,42.8,0.0,train
1212,18,6,203.95,403,33.99166666666667,77.0,0.0,train
1213,7,20,1775.66,448,88.783,23.210526315789473,581.85,train
1214,0,13,1001.17,403,77.01307692307692,33.583333333333336,347.22,train
1215,16,18,1912.45,437,106.24722222222222,24.764705882352942,250.52,train
1216,439,1,66.76,439,66.76,0.0,41.67,train
1217,41,10,739.78,430,73.978,43.22222222222222,228.06,train
1218,86,6,250.71,454,41.785000000000004,73.6,71.47,train
1219,105,1,24.95,105,24.95,0.0,0.0,train
1220,15,5,401.78,383,80.356,92.0,87.27,train
1221,7,12,973.89,404,81.1575,36.09090909090909,0.0,train
1222,89,16,687.57,358,42.973125,17.933333333333334,136.75,train
1223,13,4,235.43,362,58.8575,116.33333333333333,62.94,train
1224,30,13,972.96,441,74.84307692307692,34.25,283.62,train
1225,238,2,160.09,441,80.045,203.0,0.0,train
1226,10,22,5027.32,435,228.51454545454544,20.238095238095237,1094.2,train
1227,62,10,891.76,448,89.176,42.888888888888886,66.53,train
1228,2,15,946.06,415,63.07066666666666,29.5,56.07,train
1229,280,1,28.75,280,28.75,0.0,0.0,train
1230,68,4,189.82999999999998,317,47.457499999999996,83.0,0.0,train
1231,37,7,845.76,434,120.82285714285715,66.16666666666667,355.4,train
1232,2,38,7523.9400000000005,453,197.99842105263158,12.18918918918919,1424.21,train
1233,108,3,218.67,451,72.89,171.5,0.0,train
1234,129,4,111.53,441,27.8825,104.0,38.23,train
1235,48,12,1334.37,430,111.19749999999999,34.72727272727273,115.72,train
1236,16,2,43.79,226,21.895,210.0,0.0,train
1237,29,7,355.44,433,50.777142857142856,67.33333333333333,0.0,train
1238,424,1,61.43,424,61.43,0.0,58.66,train
1239,36,21,1703.08,441,81.09904761904761,20.25,47.46,train
1240,20,3,133.57,416,44.52333333333333,198.0,42.0,train
1241,12,43,8420.68,458,195.82976744186047,10.619047619047619,1219.92,train
1243,193,6,445.19,435,74.19833333333334,48.4,60.92,train
1244,8,8,337.13,447,42.14125,62.714285714285715,0.0,train
1245,130,2,131.17000000000002,287,65.58500000000001,157.0,0.0,train
1246,29,8,528.83,432,66.10375,57.57142857142857,0.0,train
1247,101,4,206.05,362,51.5125,87.0,0.0,train
1248,251,4,306.12,344,76.53,31.0,0.0,train
1249,16,17,1722.95,434,101.35000000000001,26.125,187.35,train
1250,16,26,4741.35,452,182.3596153846154,17.44,1375.88,train
1251,79,3,169.64,248,56.54666666666666,84.5,46.45,train
1252,8,57,6528.63,450,114.53736842105263,7.892857142857143,1382.52,train
1253,49,11,845.62,457,76.87454545454545,40.8,303.84,train
1254,107,4,255.3,384,63.825,92.33333333333333,63.9,train
1255,6,39,9379.31,460,240.4951282051282,11.947368421052632,2082.09,train
1256,1,5,175.04000000000002,329,35.008,82.0,0.0,train
1257,25,4,244.35000000000002,435,61.087500000000006,136.66666666666666,128.9,train
1258,43,2,21.77,410,10.885,367.0,0.0,train
1259,35,4,383.53999999999996,203,95.88499999999999,56.0,0.0,train
1260,9,59,15321.32,457,259.6833898305085,7.724137931034483,2661.69,train
1261,242,3,201.13,374,67.04333333333334,66.0,0.0,train
1262,15,14,1735.99,443,123.99928571428572,32.92307692307692,139.48,train
1263,0,54,12837.26,430,237.72703703703704,8.11320754716981,2532.06,train
1264,10,46,9428.18,460,204.9604347826087,10.0,2525.75,train
1265,294,2,129.35,436,64.675,142.0,120.5,train
1266,66,3,149.72,434,49.906666666666666,184.0,0.0,train
1267,52,1,50.4,52,50.4,0.0,0.0,train
1268,24,9,549.43,420,61.047777777777775,49.5,0.0,train
1269,126,2,133.89,140,66.945,14.0,0.0,train
1271,2,8,533.14,440,66.6425,62.57142857142857,58.42,train
1272,14,23,3333.76,446,144.94608695652175,19.636363636363637,245.5,train
1273,332,2,100.07,374,50.035,42.0,47.0,train
1274,3,55,5370.09,457,97.638,8.407407407407407,1004.51,train
1275,51,7,166.63,414,23.804285714285715,60.5,0.0,train
1276,155,5,168.93,418,33.786,65.75,35.84,train
1277,337,1,46.31,337,46.31,0.0,0.0,train
1278,35,21,1747.17,449,83.19857142857143,20.7,278.75,train
1279,0,37,4031.42,456,108.9572972972973,12.666666666666666,1081.1100000000001,train
1280,16,25,5501.41,439,220.0564,17.625,873.06,train
1281,32,11,964.66,460,87.69636363636363,42.8,172.17,train
1283,6,10,1605.73,264,160.573,28.666666666666668,311.04999999999995,train
1284,63,3,231.52,426,77.17333333333333,181.5,0.0,train
1285,71,12,921.26,430,76.77166666666666,32.63636363636363,84.22,train
1286,16,2,75.25999999999999,58,37.629999999999995,42.0,0.0,train
1287,53,2,108.63999999999999,371,54.31999999999999,318.0,0.0,train
1288,43,10,709.73,433,70.973,43.333333333333336,345.83,train
1289,44,4,186.37,439,46.5925,131.66666666666666,89.53999999999999,train
1290,151,3,228.73,354,76.24333333333333,101.5,124.28999999999999,train
1291,35,33,6376.98,453,193.24181818181816,13.0625,1194.37,train
1292,26,58,9118.51,460,157.2156896551724,7.614035087719298,2160.55,train
1293,458,1,26.09,458,26.09,0.0,34.85,train
1294,42,5,617.25,255,123.45,53.25,0.0,train
1295,101,2,133.32,370,66.66,269.0,56.7,train
1296,3,48,10682.19,459,222.545625,9.702127659574469,2587.32,train
1297,0,11,1265.1399999999999,445,115.01272727272726,44.5,339.02,train
1298,5,19,2238.68,408,117.82526315789472,22.38888888888889,468.18,train
1299,124,2,119.42999999999999,243,59.714999999999996,119.0,0.0,train
1300,23,11,273.08,393,24.825454545454544,37.0,21.44,train
1301,8,14,1115.32,371,79.66571428571429,27.923076923076923,343.68,train
1302,27,15,2100.35,440,140.02333333333334,29.5,710.73,train
1304,39,56,11437.119999999999,458,204.2342857142857,7.618181818181818,1207.98,train
1305,11,10,1063.91,460,106.391,49.888888888888886,240.59,train
1306,52,19,2094.56,450,110.24,22.11111111111111,200.21,train
1307,39,41,6735.01,457,164.26853658536587,10.45,1012.1700000000001,train
1308,21,3,390.45,162,130.15,70.5,266.77,train
1309,36,26,4939.27,425,189.9719230769231,15.56,1101.47,train
1310,87,1,52.52,87,52.52,0.0,0.0,train
1311,14,13,1505.08,446,115.77538461538461,36.0,256.93,train
1312,85,5,326.09000000000003,360,65.218,68.75,66.52,train
1313,40,6,277.38,387,46.23,69.4,0.0,train
1314,4,27,6310.36,434,233.71703703703702,16.53846153846154,675.64,train
1315,37,4,354.94,423,88.735,128.66666666666666,58.92,train
1316,11,13,643.6899999999999,434,49.51461538461538,35.25,101.61,train
1317,164,4,167.76999999999998,444,41.942499999999995,93.33333333333333,0.0,train
1318,104,6,742.96,451,123.82666666666667,69.4,0.0,train
1319,5,25,5748.69,445,229.9476,18.333333333333332,693.7,train
1320,104,3,108.30000000000001,336,36.1,116.0,87.50999999999999,train
1321,269,3,189.54,453,63.18,92.0,0.0,train
1322,13,8,516.15,428,64.51875,59.285714285714285,0.0,train
1323,343,4,284.06,400,71.015,19.0,0.0,train
1324,2,14,1962.33,422,140.16642857142855,32.30769230769231,436.01,train
1325,24,4,216.45999999999998,309,54.114999999999995,95.0,112.03,train
1326,203,3,76.58,457,25.526666666666667,127.0,49.68,train
1327,97,5,136.44,404,27.288,76.75,0.0,train
1328,4,7,943.49,444,134.78428571428572,73.33333333333333,0.0,train
1329,0,51,8356.94,459,163.861568627451,9.18,689.82,train
1330,0,48,11566.34,458,240.96541666666667,9.74468085106383,3018.86,train
1331,24,36,9575.93,444,265.99805555555554,12.0,2386.17,train
1332,105,6,339.53,436,56.58833333333333,66.2,103.03,train
1333,3,5,390.75,414,78.15,102.75,59.37,train
1334,118,3,221.69,425,73.89666666666666,153.5,93.87,train
1335,59,4,211.23000000000002,247,52.807500000000005,62.666666666666664,0.0,train
1336,16,5,257.52,307,51.504,72.75,0.0,train
1337,137,1,46.85,137,46.85,0.0,0.0,train
1338,34,3,241.17000000000002,384,80.39,175.0,181.54,train
1339,38,12,1272.83,434,106.06916666666666,36.0,321.02,train
1341,12,26,3655.73,460,140.605,17.92,663.22,train
1342,99,9,263.18,326,29.242222222222225,28.375,42.96,train
1343,50,7,570.74,453,81.53428571428572,67.16666666666667,225.83,train
1344,4,30,4421.44,440,147.38133333333332,15.03448275862069,1832.73,train
1345,106,6,436.07,362,72.67833333333333,51.2,82.66,train
1346,258,5,307.9,459,61.58,50.25,90.78,train
1347,60,8,228.85999999999999,452,28.607499999999998,56.0,0.0,train
1348,1,18,1851.93,459,102.885,26.941176470588236,344.31,train
1349,13,3,29.689999999999998,31,9.896666666666667,9.0,0.0,train
1350,38,16,1330.29,429,83.143125,26.066666666666666,179.35000000000002,train
1351,83,3,210.13,442,70.04333333333334,179.5,118.23,train
1352,155,1,47.93,155,47.93,0.0,0.0,train
1353,15,6,241.42000000000002,454,40.23666666666667,87.8,17.89,train
1354,30,9,289.14,443,32.126666666666665,51.625,0.0,train
1355,9,61,16132.19,446,264.462131147541,7.283333333333333,2380.59,train
1356,19,40,8181.75,459,204.54375,11.282051282051283,847.35,train
1357,4,13,1128.72,437,86.82461538461538,36.083333333333336,59.84,train
1358,79,4,154.91,434,38.7275,118.33333333333333,169.14,train
1359,78,29,2793.07,444,96.31275862068966,13.071428571428571,293.01,train
1360,80,3,217.66,436,72.55333333333333,178.0,149.95,train
1361,4,54,12596.34,452,233.26555555555555,8.452830188679245,4602.92,train
1362,2,36,9111.89,436,253.10805555555555,12.4,2010.3,train
1363,20,63,15067.039999999999,459,239.15936507936507,7.080645161290323,2964.75,train
1364,23,14,1498.04,415,107.00285714285714,30.153846153846153,0.0,train
1365,14,58,12912.22,455,222.62448275862067,7.7368421052631575,2301.51,train
1366,56,10,1139.72,430,113.97200000000001,41.55555555555556,195.45,train
1367,383,2,147.48,434,73.74,51.0,71.18,train
1368,191,2,142.48000000000002,224,71.24000000000001,33.0,59.81,train
1369,151,4,118.24,330,29.56,59.666666666666664,23.34,train
1370,17,55,15415.02,456,280.2730909090909,8.12962962962963,2029.29,train
1371,252,2,119.86,357,59.93,105.0,57.47,train
1372,155,7,175.92,445,25.131428571428568,48.333333333333336,0.0,train
1373,71,16,1780.5,427,111.28125,23.733333333333334,88.85,train
1374,6,46,11266.02,459,244.91347826086957,10.066666666666666,2387.39,train
1375,42,5,127.13,296,25.426,63.5,0.0,train
1376,23,12,1109.0,350,92.41666666666667,29.727272727272727,549.7,train
1377,13,4,294.42,361,73.605,116.0,71.9,train
1378,9,39,6453.32,456,165.4697435897436,11.763157894736842,1757.08,train
1379,69,8,508.35,432,63.54375,51.857142857142854,0.0,train
1380,16,22,5258.93,418,239.04227272727275,19.142857142857142,509.43,train
1381,0,3,290.24,454,96.74666666666667,227.0,0.0,train
1382,94,8,1095.28,443,136.91,49.857142857142854,307.64,train
1383,193,5,506.82,450,101.364,64.25,240.49,train
1384,2,59,15524.14,435,263.12101694915253,7.4655172413793105,3961.3,train
1385,26,13,1746.28,359,134.32923076923078,27.75,242.18,train
1386,43,9,761.82,432,84.64666666666668,48.625,105.93,train
1387,118,4,78.72,448,19.68,110.0,0.0,train
1388,189,2,115.94,323,57.97,134.0,0.0,train
1389,2,56,11854.75,458,211.69196428571428,8.290909090909091,1442.82,train
1390,98,4,139.69,449,34.9225,117.0,0.0,train
1391,33,50,7613.46,450,152.2692,8.510204081632653,2377.45,train
1392,2,29,5227.71,376,180.26586206896553,13.357142857142858,1190.54,train
1393,13,4,129.25,360,32.3125,115.66666666666667,0.0,train
1394,9,9,685.98,459,76.22,56.25,284.89,train
1395,18,50,5298.2699999999995,457,105.96539999999999,8.959183673469388,1558.65,train
1396,45,8,499.58000000000004,439,62.447500000000005,56.285714285714285,135.1,train
1397,62,8,533.41,441,66.67625,54.142857142857146,113.21000000000001,train
1398,63,4,438.85,412,109.7125,116.33333333333333,368.65,train
1399,9,15,1405.58,428,93.70533333333333,29.928571428571427,0.0,train
1401,0,74,17330.26,452,234.1927027027027,6.191780821917808,2509.13,train
1402,180,1,52.11,180,52.11,0.0,0.0,train
1404,64,5,263.62,388,52.724000000000004,81.0,91.05000000000001,train
1405,367,2,127.66,420,63.83,53.0,0.0,train
1406,381,3,118.12,432,39.373333333333335,25.5,67.71,train
1407,34,3,152.35,314,50.78333333333333,140.0,92.7,train
1408,107,5,280.27,416,56.053999999999995,77.25,0.0,train
1409,51,10,1227.84,457,122.78399999999999,45.111111111111114,336.85,train
1410,4,41,11903.630000000001,424,290.3324390243903,10.5,1208.8,train
1411,18,15,1245.98,449,83.06533333333333,30.785714285714285,115.09,train
1412,13,11,1539.15,428,139.9227272727273,41.5,0.0,train
1413,1,68,12954.29,446,190.50426470588238,6.641791044776119,1409.46,train
1414,113,1,27.18,113,27.18,0.0,0.0,train
1415,18,17,1717.14,323,101.00823529411765,19.0625,576.47,train
1416,269,1,20.38,269,20.38,0.0,0.0,train
1417,67,10,1320.19,439,132.019,41.333333333333336,262.94,train
1418,19,7,541.7,452,77.38571428571429,72.16666666666667,68.7,train
1419,5,15,1743.02,428,116.20133333333334,30.214285714285715,99.36,train
1420,26,14,1535.08,460,109.64857142857143,33.38461538461539,279.23,train
1421,10,48,11776.32,456,245.34,9.48936170212766,738.76,train
1422,23,17,1999.01,446,117.58882352941177,26.4375,247.97,train
1423,14,12,1231.8600000000001,458,102.65500000000002,40.36363636363637,752.71,train
1424,14,16,1792.73,452,112.045625,29.2,528.48,train
1425,26,10,1210.25,396,121.025,41.111111111111114,107.32,train
1426,4,53,13777.3,448,259.94905660377356,8.538461538461538,2549.45,train
1427,362,1,47.05,362,47.05,0.0,0.0,train
1428,53,18,1447.65,442,80.42500000000001,22.88235294117647,621.38,train
1429,44,4,230.11,420,57.5275,125.33333333333333,0.0,train
1430,239,2,31.409999999999997,363,15.704999999999998,124.0,0.0,train
1431,1,17,2203.68,429,129.62823529411764,26.75,302.33,train
1432,47,2,60.980000000000004,173,30.490000000000002,126.0,0.0,train
1433,46,12,346.98,428,28.915000000000003,34.72727272727273,0.0,train
1434,238,3,208.97,273,69.65666666666667,17.5,66.99,train
1435,142,3,136.4,334,45.46666666666667,96.0,0.0,train
1436,29,11,1058.15,425,96.19545454545455,39.6,371.67,train
1437,378,1,44.45,378,44.45,0.0,0.0,train
1438,31,8,361.95,408,45.24375,53.857142857142854,0.0,train
1439,8,4,353.45,335,88.3625,109.0,173.95999999999998,train
1440,27,33,7493.83,459,227.08575757575758,13.5,2078.23,train
1441,457,1,28.5,457,28.5,0.0,0.0,train
1442,22,16,1122.79,410,70.174375,25.866666666666667,165.92000000000002,train
1444,21,5,139.69,335,27.938,78.5,109.55,train
1445,16,10,1500.73,356,150.073,37.77777777777778,220.81,train
1446,0,24,4157.27,427,173.21958333333336,18.565217391304348,345.44,train
1447,42,5,339.11,349,67.822,76.75,143.09,train
1448,51,7,661.95,377,94.56428571428572,54.333333333333336,189.79000000000002,train
1449,54,5,226.26999999999998,449,45.254,98.75,0.0,train
1450,16,6,798.46,433,133.07666666666668,83.4,389.4,train
1451,70,5,264.72,232,52.944,40.5,0.0,train
1452,59,15,1600.19,450,106.67933333333333,27.928571428571427,441.76,train
1453,302,2,63.48,341,31.74,39.0,76.93,train
1454,104,5,303.07,454,60.614,87.5,75.01,train
1455,96,4,291.14,330,72.785,78.0,0.0,train
1456,3,16,2095.7400000000002,447,130.98375000000001,29.6,294.75,train
1457,9,16,960.78,412,60.04875,26.866666666666667,116.67000000000002,train
1458,22,9,910.88,445,101.2088888888889,52.875,0.0,train
1459,52,11,507.9,454,46.17272727272727,40.2,113.83,train
1460,22,7,852.03,431,121.71857142857142,68.16666666666667,460.29999999999995,train
1461,64,9,483.12,433,53.68,46.125,51.53,train
1462,0,4,91.9,410,22.975,136.66666666666666,0.0,train
1463,7,10,912.68,447,91.268,48.888888888888886,59.49,train
1464,6,53,13999.53,457,264.14207547169815,8.673076923076923,2784.19,train
1465,15,62,5208.68,455,84.01096774193549,7.213114754098361,1145.1,train
1466,24,12,1675.35,457,139.61249999999998,39.36363636363637,541.75,train
1467,32,7,843.29,415,120.47,63.833333333333336,0.0,train
1468,194,1,46.14,194,46.14,0.0,0.0,train
1469,108,2,60.97,250,30.485,142.0,0.0,train
1470,14,39,9567.64,417,245.32410256410256,10.605263157894736,1381.63,train
1471,28,60,14633.29,454,243.88816666666668,7.220338983050848,3020.27,train
1472,17,4,139.98000000000002,438,34.995000000000005,140.33333333333334,0.0,train
1473,13,2,68.27,448,34.135,435.0,0.0,train
1474,163,3,135.91,350,45.303333333333335,93.5,0.0,train
1475,164,5,235.67,424,47.134,65.0,0.0,train
1476,16,44,5487.87,458,124.72431818181818,10.279069767441861,514.1600000000001,train
1477,39,14,1984.1399999999999,447,141.7242857142857,31.384615384615383,262.09000000000003,train
1478,67,10,1036.56,441,103.65599999999999,41.55555555555556,394.39,train
1479,10,6,257.26,384,42.876666666666665,74.8,52.92,train
1480,84,5,177.01,424,35.402,85.0,232.42,train
1481,38,14,1833.28,435,130.94857142857143,30.53846153846154,144.23,train
1482,430,1,65.23,430,65.23,0.0,0.0,train
1483,18,6,259.48,383,43.24666666666667,73.0,0.0,train
1484,50,1,35.25,50,35.25,0.0,0.0,train
1485,3,10,629.2,288,62.92,31.666666666666668,133.36,train
1486,17,30,5979.1,456,199.30333333333334,15.137931034482758,1042.87,train
1487,459,1,52.31,459,52.31,0.0,0.0,train
1488,337,2,42.21,388,21.105,51.0,0.0,train
1489,9,63,16585.4,459,263.2603174603175,7.258064516129032,2116.17,train
1490,173,4,176.3,372,44.075,66.33333333333333,0.0,train
1491,16,64,19026.89,459,297.29515625,7.031746031746032,3976.4700000000003,train
1492,367,2,191.01999999999998,444,95.50999999999999,77.0,0.0,train
1493,7,34,9953.58,453,292.75235294117647,13.515151515151516,2741.57,train
1494,19,33,5083.7,442,154.05151515151513,13.21875,618.0999999999999,train
1495,173,3,199.94,412,66.64666666666666,119.5,78.84,train
1496,17,7,228.42000000000002,460,32.63142857142857,73.83333333333333,0.0,train
1497,128,4,38.04,422,9.51,98.0,0.0,train
1498,56,5,134.03,453,26.806,99.25,57.56,train
1499,36,8,900.5699999999999,392,112.57124999999999,50.857142857142854,0.0,train
1500,1,64,10686.51,449,166.97671875,7.111111111111111,2412.41,train
1501,30,11,1619.79,341,147.25363636363636,31.1,294.35,train
1502,13,3,32.95,301,10.983333333333334,144.0,34.75,train
1503,4,57,14805.85,442,259.75175438596494,7.821428571428571,3003.02,train
1504,7,4,309.7,408,77.425,133.66666666666666,88.76,train
1505,3,6,401.78999999999996,307,66.96499999999999,60.8,0.0,train
1506,23,6,390.97,249,65.16166666666668,45.2,138.26,train
1507,59,3,147.28,195,49.093333333333334,68.0,149.56,train
1508,3,38,7377.3,459,194.13947368421054,12.324324324324325,2253.12,train
1509,28,7,312.71000000000004,404,44.67285714285715,62.666666666666664,58.65,train
1510,86,5,575.37,439,115.074,88.25,358.32,train
1511,12,4,143.53,153,35.8825,47.0,59.59,train
1512,348,2,95.86,355,47.93,7.0,44.13,train
1513,158,6,324.03,327,54.004999999999995,33.8,0.0,train
1514,11,42,11678.619999999999,458,278.0623809523809,10.902439024390244,2008.11,train
1515,21,8,336.48,273,42.06,36.0,53.74,train
1516,2,23,2557.41,447,111.19173913043478,20.227272727272727,286.89,train
1517,13,29,5825.34,424,200.8737931034483,14.678571428571429,1055.81,train
1518,173,3,126.47999999999999,444,42.16,135.5,32.16,train
1519,144,4,160.82999999999998,371,40.207499999999996,75.66666666666667,48.41,train
1520,174,2,178.49,393,89.245,219.0,119.27,train
1521,1,31,6915.98,460,223.09612903225806,15.3,1398.51,train
1522,34,6,421.91,284,70.31833333333334,50.0,0.0,train
1523,45,5,422.23,420,84.446,93.75,333.22,train
1524,222,1,62.02,222,62.02,0.0,0.0,train
1525,9,3,105.36,215,35.12,103.0,110.72999999999999,train
1526,142,20,2020.46,455,101.023,16.473684210526315,264.36,train
1527,97,9,1325.16,452,147.24,44.375,166.18,train
1528,24,7,268.3,260,38.32857142857143,39.333333333333336,33.23,train
1529,28,10,349.15999999999997,445,34.916,46.333333333333336,99.88,train
1530,8,5,409.14,157,81.828,37.25,80.79,train
1531,426,2,131.57,444,65.785,18.0,225.04000000000002,train
1532,1,14,1897.03,392,135.50214285714284,30.076923076923077,559.7,train
1533,11,64,13271.47,453,207.36671875,7.015873015873016,3420.16,train
1534,248,1,46.13,248,46.13,0.0,0.0,train
1535,21,23,1028.51,443,44.71782608695652,19.181818181818183,46.3,train
1536,60,3,102.11,216,34.03666666666667,78.0,0.0,train
1537,91,9,636.87,433,70.76333333333334,42.75,78.33,train
1538,88,2,119.18,286,59.59,198.0,37.64,train
1539,36,2,69.39,51,34.695,15.0,52.48,train
1540,3,12,869.0699999999999,376,72.4225,33.90909090909091,187.72,train
1541,368,1,43.6,368,43.6,0.0,0.0,train
1542,65,3,90.68,381,30.22666666666667,158.0,25.38,train
1543,51,4,276.43,456,69.1075,135.0,0.0,train
1544,202,4,187.9,318,46.975,38.666666666666664,63.64,train
1545,17,2,126.46000000000001,241,63.230000000000004,224.0,153.91,train
1546,7,13,1566.54,453,120.50307692307692,37.166666666666664,112.7,train
1547,0,42,10668.57,456,254.01357142857142,11.121951219512194,1326.29,train
1548,287,6,797.28,445,132.88,31.6,150.37,train
1549,19,5,273.48,286,54.696000000000005,66.75,58.37,train
1550,34,15,1651.26,456,110.084,30.142857142857142,419.53,train
1551,8,10,876.88,397,87.688,43.22222222222222,247.13,train
1552,11,11,1440.19,408,130.92636363636365,39.7,291.15999999999997,train
1553,30,8,625.56,403,78.195,53.285714285714285,105.73,train
1554,0,52,5613.78,458,107.9573076923077,8.980392156862745,871.3299999999999,train
1555,15,19,1637.15,453,86.16578947368421,24.333333333333332,538.99,train
1557,107,4,356.64,398,89.16,97.0,90.29,train
1558,6,5,243.78,366,48.756,90.0,0.0,train
1559,9,8,382.87,439,47.85875,61.42857142857143,0.0,train
1560,12,61,15008.68,455,246.04393442622953,7.383333333333334,1894.57,train
1561,0,28,4777.92,457,170.64000000000001,16.925925925925927,601.9200000000001,train
1562,21,30,4755.26,452,158.50866666666667,14.862068965517242,143.36,train
1563,8,41,7820.78,450,190.75073170731707,11.05,1091.51,train
1564,399,1,15.17,399,15.17,0.0,0.0,train
1566,199,4,74.88,296,18.72,32.333333333333336,19.84,train
1567,342,2,57.78,371,28.89,29.0,0.0,train
1568,266,3,91.15,375,30.383333333333336,54.5,0.0,train
1569,89,5,297.40999999999997,447,59.48199999999999,89.5,106.55,train
1570,56,9,907.19,364,100.7988888888889,38.5,176.46,train
1571,41,18,1343.21,457,74.62277777777778,24.470588235294116,74.5,train
1572,1,61,11040.53,446,180.99229508196723,7.416666666666667,1032.89,train
1573,3,59,10913.52,454,184.9749152542373,7.775862068965517,3041.16,train
1574,1,15,1227.05,459,81.80333333333333,32.714285714285715,75.27,train
1575,10,6,358.22,413,59.70333333333334,80.6,68.02,train
1576,150,3,105.28,459,35.093333333333334,154.5,35.22,train
1577,19,12,1121.84,446,93.48666666666666,38.81818181818182,452.6,train
1578,3,47,8446.83,439,179.71978723404254,9.478260869565217,1349.75,train
1579,8,6,221.2,422,36.86666666666667,82.8,118.46000000000001,train
1580,126,1,127.45,126,127.45,0.0,0.0,train
1581,0,38,5180.9400000000005,451,136.34052631578948,12.18918918918919,1514.58,train
1582,324,1,26.5,324,26.5,0.0,41.41,train
1583,9,47,10736.23,445,228.4304255319149,9.478260869565217,2038.8600000000001,train
1584,248,9,973.58,458,108.17555555555556,26.25,0.0,train
1585,270,3,128.3,403,42.76666666666667,66.5,0.0,train
1586,196,3,186.8,296,62.26666666666667,50.0,0.0,train
1587,0,23,7189.97,431,312.60739130434786,19.59090909090909,2651.69,train
1588,256,3,261.64,356,87.21333333333332,50.0,0.0,train
1589,136,3,67.68,327,22.560000000000002,95.5,0.0,train
1590,189,6,553.0,432,92.16666666666667,48.6,105.17,train
1591,19,6,180.45,434,30.075,83.0,125.05,train
1592,35,7,614.28,345,87.75428571428571,51.666666666666664,0.0,train
1593,71,13,1542.47,412,118.65153846153846,28.416666666666668,276.07000000000005,train
1594,113,4,201.07,412,50.2675,99.66666666666667,0.0,train
1595,6,52,13290.31,456,255.58288461538461,8.823529411764707,1089.94,train
1596,92,8,528.42,377,66.0525,40.714285714285715,166.33,train
1597,78,8,522.9200000000001,437,65.36500000000001,51.285714285714285,268.95000000000005,train
1598,21,45,6005.46,457,133.45466666666667,9.909090909090908,1126.73,train
1600,5,49,10537.56,459,215.05224489795918,9.458333333333334,2463.55,train
1601,167,6,55.94,454,9.323333333333332,57.4,0.0,train
1602,19,17,4782.94,399,281.34941176470585,23.75,538.0699999999999,train
1603,87,4,341.92,437,85.48,116.66666666666667,89.68,train
1604,60,3,119.97999999999999,260,39.99333333333333,100.0,37.69,train
1605,25,11,867.84,295,78.89454545454545,27.0,62.61,train
1606,26,20,1717.4,424,85.87,20.94736842105263,84.86,train
1607,59,10,1583.33,316,158.333,28.555555555555557,467.40999999999997,train
1608,0,29,5010.69,439,172.78241379310344,15.678571428571429,1998.3,train
1609,88,5,334.01,380,66.80199999999999,73.0,0.0,train
1610,33,17,1519.41,432,89.37705882352941,24.9375,457.72,train
1611,45,13,1414.01,459,108.77,34.5,0.0,train
1612,0,40,9068.87,457,226.72175000000001,11.717948717948717,1388.03,train
1613,1,5,246.45,264,49.29,65.75,0.0,train
1614,10,8,344.1,445,43.0125,62.142857142857146,35.16,train
1615,106,8,991.65,332,123.95625,32.285714285714285,409.62,train
1616,2,64,9933.89,453,155.21703125,7.158730158730159,1971.28,train
1617,29,32,6450.52,457,201.57875,13.806451612903226,1198.84,train
1618,13,18,1233.06,430,68.50333333333333,24.529411764705884,152.62,train
1619,18,19,2369.09,425,124.68894736842105,22.61111111111111,957.91,train
1620,78,1,49.19,78,49.19,0.0,0.0,train
1621,10,14,1189.97,415,84.99785714285714,31.153846153846153,442.01,train
1622,228,2,157.73,383,78.865,155.0,0.0,train
1623,2,53,8174.04,446,154.22716981132075,8.538461538461538,869.51,train
1624,397,1,37.02,397,37.02,0.0,0.0,train
1625,30,4,228.12,449,57.03,139.66666666666666,194.61,train
1626,113,18,2905.58,454,161.42111111111112,20.058823529411764,1168.1,train
1627,10,61,15989.19,445,262.117868852459,7.25,1881.94,train
1628,58,7,646.81,235,92.40142857142857,29.5,0.0,train
1629,20,18,2215.4700000000003,396,123.08166666666668,22.11764705882353,281.64,train
1630,0,5,265.07,451,53.013999999999996,112.75,53.84,train
1631,82,6,664.03,344,110.67166666666667,52.4,0.0,train
1632,189,2,163.41,415,81.705,226.0,73.09,train
1633,5,3,147.76999999999998,455,49.25666666666666,225.0,54.62,train
1634,16,40,8009.9,455,200.2475,11.256410256410257,827.55,train
1635,161,3,159.05,249,53.01666666666667,44.0,57.2,train
1636,34,21,5044.95,448,240.23571428571427,20.7,712.3,train
1637,71,5,262.13,336,52.426,66.25,104.9,train
1638,0,66,16529.06,460,250.44030303030306,7.076923076923077,3364.21,train
1639,5,62,13784.7,457,222.33387096774194,7.409836065573771,3677.05,train
1640,2,33,5496.01,456,166.5457575757576,14.1875,1352.46,train
1641,17,9,1493.73,434,165.97,52.125,370.62,train
1642,41,1,71.75,41,71.75,0.0,0.0,train
1643,29,30,3378.19,435,112.60633333333334,14.0,79.54,train
1644,43,2,140.43,304,70.215,261.0,166.86,train
1645,167,2,95.55000000000001,450,47.775000000000006,283.0,0.0,train
1646,86,3,145.7,357,48.56666666666666,135.5,37.06,train
1647,164,3,80.03999999999999,439,26.679999999999996,137.5,0.0,train
1648,150,5,193.7,400,38.739999999999995,62.5,31.06,train
1649,111,10,618.02,422,61.802,34.55555555555556,216.26,train
1650,225,2,85.92,253,42.96,28.0,93.91999999999999,train
1651,141,5,160.98,429,32.196,72.0,0.0,train
1652,31,22,2646.07,446,120.2759090909091,19.761904761904763,240.92000000000002,train
1653,1,6,398.01,420,66.335,83.8,162.89,train
1654,9,37,6844.16,420,184.9772972972973,11.416666666666666,1108.6499999999999,train
1655,184,4,254.01,392,63.5025,69.33333333333333,0.0,train
1656,129,4,135.82999999999998,416,33.957499999999996,95.66666666666667,0.0,train
1657,63,11,2169.48,459,197.22545454545454,39.6,416.94,train
1658,353,1,33.01,353,33.01,0.0,44.39,train
1659,64,6,267.26,440,44.54333333333333,75.2,144.13,train
1660,1,20,2826.48,442,141.324,23.210526315789473,442.20000000000005,train
1661,15,32,4580.4,459,143.1375,14.32258064516129,915.21,train
1662,71,13,1238.91,402,95.30076923076923,27.583333333333332,340.29999999999995,train
1663,2,13,783.48,455,60.26769230769231,37.75,0.0,train
1664,7,24,3314.89,433,138.12041666666667,18.52173913043478,707.45,train
1665,24,7,404.46999999999997,352,57.78142857142857,54.666666666666664,139.39,train
1666,1,54,14929.3,453,276.4685185185185,8.528301886792454,1872.0500000000002,train
1667,48,5,196.27,351,39.254000000000005,75.75,50.89,train
1668,16,3,99.21000000000001,197,33.07,90.5,74.22,train
1669,20,11,1309.55,390,119.05,37.0,154.3,train
1670,16,14,1210.39,432,86.45642857142857,32.0,262.08,train
1671,23,9,1303.19,448,144.79888888888888,53.125,374.83,train
1672,78,7,509.44,437,72.77714285714286,59.833333333333336,65.54,train
1673,9,15,1660.86,375,110.72399999999999,26.142857142857142,784.36,train
1674,31,6,281.93,409,46.98833333333334,75.6,0.0,train
1675,17,3,72.57,35,24.189999999999998,9.0,0.0,train
1676,241,4,159.53,294,39.8825,17.666666666666668,44.38,train
1677,256,1,20.99,256,20.99,0.0,28.76,train
1678,1,8,507.78999999999996,415,63.473749999999995,59.142857142857146,92.59,train
1679,65,7,400.84999999999997,445,57.26428571428571,63.333333333333336,0.0,train
1680,101,2,53.01,459,26.505,358.0,24.32,train
1681,51,10,726.1700000000001,428,72.617,41.888888888888886,117.13,train
1682,147,4,123.89,376,30.9725,76.33333333333333,0.0,train
1683,21,6,736.0699999999999,432,122.67833333333333,82.2,119.9,train
1685,43,20,2658.85,435,132.9425,20.63157894736842,245.95,train
1686,18,51,12209.130000000001,450,239.39470588235295,8.64,1070.8,train
1687,115,3,174.07,339,58.02333333333333,112.0,0.0,train
1688,8,21,4983.21,459,237.2957142857143,22.55,2434.09,train
1689,65,2,87.78999999999999,387,43.894999999999996,322.0,60.68,train
1690,275,5,246.74,406,49.348,32.75,0.0,train
1691,295,2,97.16,444,48.58,149.0,0.0,train
1692,249,1,75.12,249,75.12,0.0,0.0,train
1693,149,2,116.2,269,58.1,120.0,0.0,train
1694,151,7,323.97,392,46.28142857142858,40.166666666666664,234.74,train
1695,223,1,65.18,223,65.18,0.0,147.89,train
1696,446,1,16.21,446,16.21,0.0,0.0,train
1697,172,2,67.14,425,33.57,253.0,34.47,train
1698,78,10,943.34,393,94.334,35.0,247.6,train
1699,281,1,69.17,281,69.17,0.0,0.0,train
1700,6,3,181.0,395,60.333333333333336,194.5,78.74,train
1701,180,2,135.53,459,67.765,279.0,0.0,train
1702,17,3,135.03,378,45.01,180.5,0.0,train
1703,0,61,7704.3,449,126.3,7.483333333333333,2174.7,train
1704,2,20,1557.39,430,77.8695,22.526315789473685,452.78999999999996,train
1705,43,12,506.08,432,42.17333333333333,35.36363636363637,38.81,train
1706,31,7,660.9,442,94.41428571428571,68.5,100.77,train
1707,47,6,520.84,199,86.80666666666667,30.4,188.48,train
1708,70,9,322.02,453,35.78,47.875,24.19,train
1709,108,5,181.79,448,36.358,85.0,0.0,train
1710,408,1,58.13,408,58.13,0.0,0.0,train
1711,356,2,75.41,360,37.705,4.0,55.7,train
1712,65,1,96.13,65,96.13,0.0,0.0,train
1713,34,1,88.83,34,88.83,0.0,138.35999999999999,train
1714,15,23,7498.3,403,326.0130434782609,17.636363636363637,904.1800000000001,train
1715,4,73,15913.050000000001,459,217.98698630136988,6.319444444444445,2648.49,train
1716,0,11,694.7,405,63.154545454545456,40.5,0.0,train
1717,116,5,392.62,385,78.524,67.25,0.0,train
1718,4,6,280.1,434,46.68333333333334,86.0,41.65,train
1719,449,1,91.33,449,91.33,0.0,44.83,train
1720,66,2,103.92,155,51.96,89.0,41.04,train
1721,17,4,133.07,427,33.2675,136.66666666666666,0.0,train
1722,160,2,106.5,393,53.25,233.0,63.37,train
1723,75,6,418.76,415,69.79333333333334,68.0,129.5,train
1724,84,6,599.23,448,99.87166666666667,72.8,367.24,train
1725,274,4,88.83,449,22.2075,58.333333333333336,0.0,train
1727,31,16,1520.43,410,95.026875,25.266666666666666,163.94,train
1728,406,1,45.34,406,45.34,0.0,0.0,train
1729,93,5,288.28,355,57.65599999999999,65.5,125.32,train
1730,7,16,1665.72,454,104.1075,29.8,143.24,train
1731,53,4,132.17,432,33.0425,126.33333333333333,27.6,train
1732,13,13,120.09,381,9.237692307692308,30.666666666666668,44.56,train
1733,68,14,1341.84,457,95.84571428571428,29.923076923076923,388.65,train
1734,39,17,3043.21,446,179.01235294117646,25.4375,0.0,train
1735,49,6,411.69,441,68.615,78.4,0.0,train
1736,8,9,777.98,455,86.44222222222223,55.875,156.97,train
1737,1,4,114.74000000000001,368,28.685000000000002,122.33333333333333,29.19,train
1738,11,22,1708.35,450,77.65227272727272,20.904761904761905,260.49,train
1739,2,4,200.76,382,50.19,126.66666666666667,77.84,train
1740,20,23,3645.3199999999997,442,158.49217391304347,19.181818181818183,722.15,train
1741,59,12,1093.98,438,91.165,34.45454545454545,256.39,train
1743,18,10,1633.59,339,163.35899999999998,35.666666666666664,0.0,train
1744,77,4,211.49,444,52.8725,122.33333333333333,251.29,train
1745,2,66,15907.01,459,241.01530303030304,7.030769230769231,2761.0,train
1746,14,6,217.34,456,36.223333333333336,88.4,0.0,train
1747,283,2,186.49,334,93.245,51.0,82.06,train
1748,16,5,249.5,443,49.9,106.75,75.78,train
1749,7,35,5613.5,450,160.38571428571427,13.029411764705882,1023.45,train
1750,32,11,699.49,448,63.59,41.6,73.22,train
1751,28,17,2104.48,447,123.79294117647059,26.1875,550.91,train
1752,121,4,140.6,424,35.15,101.0,20.8,train
1753,79,11,1276.99,332,116.09,25.3,0.0,train
1754,31,53,7020.47,460,132.46169811320755,8.25,632.02,train
1755,1,15,1321.2,430,88.08,30.642857142857142,183.94,train
1756,8,40,7315.41,441,182.88524999999998,11.102564102564102,1177.59,train
1757,28,5,228.5,348,45.7,80.0,0.0,train
1758,31,4,176.15,264,44.0375,77.66666666666667,0.0,train
1759,39,2,51.3,66,25.65,27.0,67.30000000000001,train
1760,3,39,12166.32,436,311.9569230769231,11.394736842105264,1775.1299999999999,train
1761,4,48,9280.18,460,193.33708333333334,9.702127659574469,2707.18,train
1762,23,4,386.52,440,96.63,139.0,102.0,train
1763,32,33,6694.3,450,202.85757575757577,13.0625,584.23,train
1764,36,17,1163.55,392,68.44411764705882,22.25,164.68,train
1765,11,5,224.24,378,44.848,91.75,0.0,train
1766,21,10,863.95,401,86.39500000000001,42.22222222222222,241.32,train
1767,42,7,1370.47,447,195.78142857142856,67.5,234.56,train
1768,49,15,1123.57,457,74.90466666666666,29.142857142857142,173.76,train
1769,16,9,381.85,460,42.42777777777778,55.5,83.05000000000001,train
1770,2,13,993.5,451,76.42307692307692,37.416666666666664,405.65999999999997,train
1771,11,13,1295.39,430,99.64538461538463,34.916666666666664,438.37,train
1772,241,3,135.91,453,45.303333333333335,106.0,0.0,train
1773,14,9,667.56,457,74.17333333333333,55.375,224.36,train
1774,127,6,68.51,331,11.418333333333335,40.8,25.25,train
1775,9,28,5113.08,449,182.60999999999999,16.296296296296298,398.87,train
1776,9,46,7703.86,457,167.47521739130434,9.955555555555556,697.9200000000001,train
1777,66,1,67.34,66,67.34,0.0,67.79,train
1778,279,4,338.52,393,84.63,38.0,0.0,train
1779,215,8,77.37,421,9.67125,29.428571428571427,11.35,train
1780,6,2,94.36,84,47.18,78.0,79.97,train
1781,14,54,11569.91,454,214.2575925925926,8.30188679245283,1994.8999999999999,train
1782,181,3,201.95000000000002,270,67.31666666666668,44.5,0.0,train
1783,199,3,90.19,431,30.063333333333333,116.0,18.41,train
1784,368,1,77.17,368,77.17,0.0,34.2,train
1785,34,18,1892.65,405,105.14722222222223,21.823529411764707,60.31,train
1786,9,53,9766.04,449,184.26490566037737,8.461538461538462,2358.85,train
1787,7,49,10603.67,444,216.40142857142857,9.104166666666666,2717.3199999999997,train
1788,39,14,987.54,455,70.53857142857143,32.0,264.86,train
1789,136,13,933.21,453,71.78538461538461,26.416666666666668,67.88,train
1790,59,46,8561.19,455,186.11282608695655,8.8,1009.06,train
1791,113,6,356.91,407,59.48500000000001,58.8,55.71,train
1792,213,1,37.49,213,37.49,0.0,73.7,train
1793,71,11,1555.59,432,141.41727272727272,36.1,138.57,train
1794,84,2,138.16,251,69.08,167.0,54.56,train
1795,25,7,103.98,408,14.854285714285714,63.833333333333336,11.39,train
1796,254,4,292.1,438,73.025,61.333333333333336,0.0,train
1797,144,2,115.54,444,57.77,300.0,136.84,train
1798,13,2,70.31,398,35.155,385.0,29.53,train
1799,18,9,979.74,366,108.86,43.5,89.89,train
1800,43,2,102.95,163,51.475,120.0,0.0,train
1801,152,5,495.67,424,99.134,68.0,208.74,train
1802,33,17,1484.62,416,87.33058823529412,23.9375,306.97,train
1803,87,4,236.54999999999998,425,59.137499999999996,112.66666666666667,0.0,train
1804,86,18,2419.26,437,134.40333333333334,20.647058823529413,385.69,train
1805,259,2,112.43,447,56.215,188.0,38.9,train
1806,104,2,110.11,292,55.055,188.0,0.0,train
1807,70,3,101.49000000000001,337,33.830000000000005,133.5,0.0,train
1808,55,9,206.18,411,22.90888888888889,44.5,0.0,train
1809,2,18,1052.8,447,58.48888888888889,26.176470588235293,39.91,train
1810,28,3,158.05,374,52.68333333333334,173.0,0.0,train
1811,142,4,276.69,302,69.1725,53.333333333333336,0.0,train
1812,35,3,143.49,375,47.830000000000005,170.0,47.56,train
1813,6,13,1237.3,423,95.17692307692307,34.75,107.92,train
1814,15,43,9824.89,454,228.48581395348836,10.452380952380953,2828.91,train
1815,9,11,1263.48,384,114.86181818181818,37.5,138.57,train
1816,31,5,203.1,440,40.62,102.25,23.97,train
1817,92,10,1425.49,406,142.549,34.888888888888886,279.83000000000004,train
1818,110,4,147.35,333,36.8375,74.33333333333333,0.0,train
1819,2,28,9355.16,444,334.11285714285714,16.37037037037037,875.6,train
1820,71,2,142.11,269,71.055,198.0,0.0,train
1821,1,6,549.9,324,91.64999999999999,64.6,0.0,train
1822,9,30,4686.85,445,156.22833333333335,15.03448275862069,727.73,train
1823,18,25,2546.91,446,101.87639999999999,17.833333333333332,734.0,train
1824,27,9,522.6800000000001,454,58.07555555555556,53.375,137.69,train
1826,117,2,82.39,153,41.195,36.0,57.41,train
1827,6,39,9483.7,430,243.1717948717949,11.157894736842104,1750.04,train
1828,32,9,1184.66,348,131.6288888888889,39.5,430.13,train
1829,8,9,729.6800000000001,394,81.07555555555557,48.25,0.0,train
1830,253,4,138.74,347,34.685,31.333333333333332,64.42,train
1831,393,1,61.74,393,61.74,0.0,51.29,train
1832,16,13,1496.43,459,115.11,36.916666666666664,308.77,train
1833,42,2,48.17,141,24.085,99.0,21.75,train
1834,252,4,240.42999999999998,371,60.107499999999995,39.666666666666664,0.0,train
1835,143,3,41.3,407,13.766666666666666,132.0,0.0,train
1836,2,33,7316.18,436,221.70242424242426,13.5625,1392.45,train
1837,17,22,3055.37,456,138.88045454545454,20.904761904761905,390.82,train
1838,250,2,94.68,376,47.34,126.0,0.0,train
1839,262,3,201.6,315,67.2,26.5,39.9,train
1840,57,5,232.29,365,46.458,77.0,40.72,train
1841,13,11,773.23,429,70.29363636363637,41.6,143.12,train
1842,121,9,956.97,333,106.33,26.5,478.79,train
1843,29,15,1390.34,448,92.68933333333332,29.928571428571427,199.42000000000002,train
1844,30,13,1318.04,450,101.3876923076923,35.0,391.22,train
1845,8,40,6579.33,454,164.48325,11.435897435897436,1933.23,train
1846,7,62,14884.79,454,240.07725806451614,7.327868852459017,2767.92,train
1847,56,5,120.96000000000001,418,24.192,90.5,44.35,train
1848,82,7,583.59,452,83.37,61.666666666666664,74.21,train
1849,41,5,245.36,417,49.072,94.0,103.86,train
1850,98,5,226.69,394,45.338,74.0,98.43,train
1851,96,5,401.15999999999997,447,80.232,87.75,88.7,train
1852,102,2,102.65,386,51.325,284.0,99.94,train
1854,7,4,54.5,326,13.625,106.33333333333333,15.55,train
1855,11,24,4531.3,460,188.80416666666667,19.52173913043478,728.74,train
1856,115,5,457.84000000000003,379,91.56800000000001,66.0,123.47999999999999,train
1857,82,7,517.34,437,73.9057142857143,59.166666666666664,68.14,train
1858,36,13,1300.24,459,100.01846153846154,35.25,623.31,train
1859,8,4,260.95,283,65.2375,91.66666666666667,68.68,train
1860,321,2,160.5,337,80.25,16.0,180.78,train
1861,2,12,646.27,414,53.85583333333333,37.45454545454545,0.0,train
1862,1,40,7033.63,452,175.84075,11.564102564102564,1395.48,train
1864,31,2,157.84,401,78.92,370.0,0.0,train
1865,146,4,543.99,273,135.9975,42.333333333333336,81.42,train
1866,13,8,777.35,398,97.16875,55.0,293.32,train
1867,124,3,65.92,457,21.973333333333333,166.5,13.59,train
1868,15,55,14499.49,438,263.6270909090909,7.833333333333333,3345.85,train
1869,68,19,1091.68,449,57.45684210526316,21.166666666666668,166.94,train
1870,50,11,853.62,414,77.60181818181819,36.4,390.36,train
1871,28,8,489.12,456,61.14,61.142857142857146,0.0,train
1872,51,16,2283.74,440,142.73375,25.933333333333334,115.83,train
1873,165,4,308.97,383,77.2425,72.66666666666667,134.33,train
1874,214,4,257.74,333,64.435,39.666666666666664,0.0,train
1875,9,74,7120.83,436,96.22743243243244,5.8493150684931505,1233.38,train
1876,18,60,8110.01,460,135.16683333333333,7.491525423728813,1449.99,train
1877,24,3,181.19,355,60.39666666666667,165.5,60.42,train
1878,6,52,12216.4,455,234.93076923076922,8.803921568627452,3054.99,train
1880,347,1,48.81,347,48.81,0.0,0.0,train
1881,4,3,286.02,343,95.33999999999999,169.5,0.0,train
1882,22,5,280.79,299,56.158,69.25,39.27,train
1883,40,5,160.60999999999999,297,32.122,64.25,30.89,train
1884,163,2,209.18,211,104.59,48.0,121.83,train
1885,159,2,87.64,285,43.82,126.0,0.0,train
1886,0,65,16368.25,455,251.81923076923076,7.109375,2352.51,train
1887,446,1,44.64,446,44.64,0.0,0.0,train
1888,67,7,672.8199999999999,438,96.11714285714285,61.833333333333336,0.0,train
1889,4,8,1022.22,351,127.7775,49.57142857142857,148.93,train
1890,41,22,1250.51,447,56.84136363636364,19.333333333333332,0.0,train
1891,90,4,217.7,363,54.425,91.0,32.54,train
1892,27,1,59.18,27,59.18,0.0,0.0,train
1893,4,26,6320.12,453,243.08153846153846,17.96,1070.24,train
1894,67,5,736.35,277,147.27,52.5,554.05,train
1895,223,2,54.349999999999994,421,27.174999999999997,198.0,0.0,train
1896,0,6,434.49,352,72.415,70.4,53.83,train
1897,162,1,87.09,162,87.09,0.0,0.0,train
1898,5,54,5361.49,457,99.28685185185185,8.528301886792454,1080.77,train
1899,158,6,359.94,408,59.99,50.0,55.16,train
1900,7,17,1572.4,440,92.49411764705883,27.0625,703.57,train
1901,2,45,9726.33,451,216.14066666666668,10.204545454545455,2329.14,train
1902,8,32,9287.24,454,290.22625,14.387096774193548,353.63,train
1903,9,8,716.56,432,89.57,60.42857142857143,302.48,train
1904,46,10,616.09,371,61.609,36.111111111111114,124.95,train
1905,20,19,3234.2,414,170.22105263157894,21.88888888888889,1064.45,train
1906,0,64,12882.0,451,201.28125,7.158730158730159,3490.11,train
1907,20,46,12180.83,454,264.800652173913,9.644444444444444,1323.52,train
1908,36,16,1654.93,443,103.433125,27.133333333333333,112.46,train
1909,22,36,9011.88,448,250.32999999999998,12.17142857142857,1303.3799999999999,train
1910,3,45,12196.74,452,271.03866666666664,10.204545454545455,1247.93,train
1911,3,7,174.34,451,24.905714285714286,74.66666666666667,53.76,train
1912,122,2,86.27000000000001,319,43.135000000000005,197.0,0.0,train
1913,61,10,1240.77,398,124.077,37.44444444444444,210.68,train
1914,4,44,4032.28,460,91.64272727272727,10.604651162790697,509.19,train
1915,0,57,15601.1,453,273.7035087719298,8.089285714285714,1712.15,train
1916,1,6,207.97,393,34.66166666666667,78.4,0.0,train
1917,84,13,1115.52,425,85.80923076923077,28.416666666666668,164.63,train
1918,8,10,998.18,336,99.818,36.44444444444444,309.31,train
1919,97,5,47.43,420,9.486,80.75,7.67,train
1920,180,1,85.29,180,85.29,0.0,85.21,train
1921,19,39,7947.76,451,203.78871794871796,11.368421052631579,1006.56,train
1922,87,3,214.35000000000002,291,71.45,102.0,72.92,train
1923,33,3,127.86,420,42.62,193.5,46.93,train
1924,86,7,839.14,422,119.87714285714286,56.0,792.05,train
1925,11,6,303.28,448,50.54666666666666,87.4,88.9,train
1926,8,2,103.67,46,51.835,38.0,0.0,train
1927,3,61,8344.58,455,136.79639344262296,7.533333333333333,1467.56,train
1928,26,55,11516.73,458,209.3950909090909,8.0,2659.4300000000003,train
1929,26,14,1080.91,438,77.20785714285715,31.692307692307693,0.0,train
1930,454,1,46.39,454,46.39,0.0,50.04,train
1931,76,4,229.25,200,57.3125,41.333333333333336,0.0,train
1932,43,4,310.44,458,77.61,138.33333333333334,0.0,train
1934,9,5,143.32,435,28.663999999999998,106.5,0.0,train
1935,155,1,64.31,155,64.31,0.0,0.0,train
1936,77,13,690.04,459,53.08,31.833333333333332,190.17000000000002,train
1937,8,29,5993.1,411,206.65862068965518,14.392857142857142,851.6600000000001,train
1938,105,7,406.02,440,58.00285714285714,55.833333333333336,0.0,train
1939,216,1,81.02,216,81.02,0.0,0.0,train
1940,111,3,185.88,360,61.96,124.5,0.0,train
1941,4,20,4275.04,440,213.752,22.94736842105263,1055.09,train
1942,140,3,153.86,428,51.28666666666667,144.0,0.0,train
1943,81,4,202.16,382,50.54,100.33333333333333,102.13,train
1944,262,3,34.93,403,11.643333333333333,70.5,0.0,train
1945,51,2,156.75,408,78.375,357.0,0.0,train
1946,15,12,969.91,447,80.82583333333334,39.27272727272727,174.62,train
1947,31,7,383.9,440,54.84285714285714,68.16666666666667,0.0,train
1948,154,11,982.11,451,89.28272727272727,29.7,318.21000000000004,train
1949,177,3,143.53,244,47.843333333333334,33.5,69.38,train
1950,84,9,1176.15,454,130.68333333333334,46.25,114.44,train
1951,36,10,1198.04,434,119.804,44.22222222222222,198.01999999999998,train
1953,35,11,1236.92,448,112.44727272727273,41.3,648.0699999999999,train
1954,183,1,51.1,183,51.1,0.0,61.03,train
1955,7,7,556.01,419,79.42999999999999,68.66666666666667,131.68,train
1956,184,3,56.67,360,18.89,88.0,0.0,train
1957,121,2,58.46,239,29.23,118.0,42.33,train
1958,17,13,1247.43,440,95.95615384615385,35.25,400.84000000000003,train
1959,61,12,544.27,418,45.35583333333333,32.45454545454545,149.03,train
1960,9,54,11933.09,451,220.98314814814816,8.339622641509434,1854.28,train
1961,7,61,15918.8,454,260.9639344262295,7.45,3711.84,train
1962,108,4,213.67000000000002,429,53.417500000000004,107.0,0.0,train
1963,8,20,2164.71,436,108.2355,22.526315789473685,691.21,train
1964,55,3,109.32,296,36.44,120.5,25.9,train
1965,14,7,64.24,406,9.177142857142856,65.33333333333333,0.0,train
1966,0,40,9008.56,449,225.214,11.512820512820513,2792.92,train
1967,41,16,1528.48,449,95.53,27.2,128.77,train
1969,47,7,453.90999999999997,438,64.8442857142857,65.16666666666667,152.2,train
1970,23,5,162.38,422,32.476,99.75,20.47,train
1971,4,10,1610.8600000000001,378,161.086,41.55555555555556,166.07,train
1972,3,11,1256.55,429,114.23181818181818,42.6,241.74,train
1973,17,9,502.44,449,55.82666666666667,54.0,84.76,train
1974,190,3,131.64,405,43.879999999999995,107.5,0.0,train
1975,33,11,1395.83,426,126.89363636363636,39.3,616.72,train
1976,12,35,8097.41,457,231.35457142857143,13.088235294117647,2861.36,train
1977,32,8,255.70999999999998,451,31.963749999999997,59.857142857142854,0.0,train
1978,1,4,199.39,438,49.8475,145.66666666666666,0.0,train
1979,11,57,12413.79,456,217.78578947368422,7.946428571428571,2766.74,train
1980,1,29,6484.02,439,223.58689655172415,15.642857142857142,170.85,train
1981,109,4,171.99,367,42.9975,86.0,0.0,train
1982,8,6,232.68,377,38.78,73.8,31.71,train
1983,230,2,81.55,324,40.775,94.0,59.38,train
1984,5,44,12132.58,453,275.74045454545455,10.418604651162791,1619.24,train
1985,339,2,99.99000000000001,444,49.995000000000005,105.0,0.0,train
1986,0,47,11253.64,458,239.4391489361702,9.956521739130435,2599.0299999999997,train
1987,9,18,2073.93,390,115.21833333333332,22.41176470588235,262.67,train
1988,18,17,3564.61,449,209.6829411764706,26.9375,1808.59,train
1989,11,11,815.99,370,74.1809090909091,35.9,66.92,train
1990,7,8,1391.42,428,173.9275,60.142857142857146,170.18,train
1991,27,9,1205.78,448,133.97555555555556,52.625,130.81,train
1992,61,4,56.050000000000004,353,14.012500000000001,97.33333333333333,20.25,train
1993,87,7,867.13,430,123.87571428571428,57.166666666666664,329.38,train
1994,58,4,269.87,374,67.4675,105.33333333333333,61.44,train
1995,7,39,8379.12,456,214.8492307692308,11.81578947368421,3251.95,train
1996,9,9,462.04,452,51.33777777777778,55.375,43.5,train
1997,12,35,5763.43,451,164.66942857142857,12.911764705882353,1685.1200000000001,train
1998,4,45,7996.56,460,177.70133333333334,10.363636363636363,574.64,train
1999,66,7,485.91,447,69.41571428571429,63.5,0.0,train
2000,69,2,156.96,431,78.48,362.0,0.0,train
